Symbol,Dir,Entry,Exit,Entered,Exited,Hold h,Conf,Grade,EQ,Regime,Trend,Mom,Vol,Struct,Hist,ML prob,EV(R),Rel*,TP reached,Stop?,Ret%,MFE%,MAE%,Failure pattern,Red flags,Entry thesis / verdict
ADAUSDT,long,0.25145,0.2639,2026-09-25 21:22,2026-09-26 01:47,4.4,62,B,neutral,risk_on,23.0,15.0,10.0,6.0,-1.5,0.48,-0.70,44.5,TP2,no,4.95,4.95,0.54,closed_at_tp2+weak_structure,weak_structure,"[perfect_trade] ADA is a B-grade, 62-confidence long with clean multi-timeframe trend alignment and strong momentum, but structure hasn't freshly "
SPCXUSDT,long,150.075,148.55,2026-09-14 19:07,2026-09-25 20:45,265.6,70,B+,excellent,risk_on,19.3,15.0,10.0,11.0,0.0,—,0.29,35.0,none,yes,-1.02,0.13,-1.02,"immediate_reversal+no_historical_analogue,scanner_outage_corrupted",no_history,"[infrastructure_failure] SPCXUSDT is a B+ graded long with all three timeframes aligned bullish, strong momentum, and fresh 4h FVG structure, rated 'excell"
BNBUSDT,long,725.55,776.17,2026-09-14 19:07,2026-09-25 20:45,265.6,65,B+,neutral,risk_on,18.7,15.0,10.0,6.0,1.5,0.48,-0.82,37.7,TP2,no,6.98,6.98,0.07,"closed_at_tp2+weak_structure,scanner_outage_corrupted",weak_structure,"[infrastructure_failure] BNBUSDT is a B+ graded long on trend/momentum alignment across 1h and 1d, but 4h structure is actually bearish and unconfirmed, la"
UNIUSDT,long,6.36,9.679,2026-09-14 17:06,2026-09-25 20:45,267.7,64,B,neutral,mixed,20.0,15.0,10.0,6.0,0.0,—,0.15,44.5,TP2,no,52.19,52.19,0.55,"closed_at_tp2+weak_structure,no_historical_analogue,scanner_outage_corrupted","weak_structure,no_history","[infrastructure_failure] UNIUSDT is a moderate-confidence (64, grade B) long on the back of strong daily trend strength and multi-timeframe alignment, but "
ZECUSDT,long,1130,1549.03,2026-09-14 16:32,2026-09-25 20:45,268.2,59,B,neutral,mixed,18.4,15.0,7.0,6.0,0.0,—,0.26,42.1,TP3,no,37.08,37.08,0.36,"ran_to_tp3+weak_structure,no_historical_analogue,scanner_outage_corrupted","weak_structure,no_history,negative_cmf","[infrastructure_failure] ZEC is a B-grade long built on a strong daily uptrend (ADX 53) and confirming lower-timeframe momentum, but structure_confirms fai"
HYPEUSDT,long,79.8,91.923,2026-09-14 15:57,2026-09-25 20:45,268.8,59,B,neutral,mixed,15.1,15.0,10.0,6.0,0.0,—,-0.33,42.1,TP2,no,15.19,15.19,-0.13,"closed_at_tp2+rsi_chop_zone,weak_structure,no_historical_analogue,scanner_outage_corrupted","rsi_chop_30_49,weak_structure,no_history","[infrastructure_failure] HYPEUSDT is a grade-B long, but the 4h timeframe is bearish while 1h and 1d lean bullish, a real conflict the structure checklist "
BZUSDT,long,102.25,97.46,2026-09-14 15:57,2026-09-25 20:45,268.8,54,C,neutral,mixed,23.7,15.0,10.0,6.0,0.0,—,-0.22,32.5,none,yes,-4.68,0.37,-4.68,"immediate_reversal+weak_structure,no_historical_analogue,scanner_outage_corrupted","weak_structure,no_history,funding_elevated","[infrastructure_failure] BZUSDT is a lower-conviction grade-C long: daily/4h trend is up, but funding is sharply negative with short-heavy positioning (a p"
NEARUSDT,long,2.3875,5.116,2026-09-14 15:57,2026-09-25 20:45,268.8,57,B,neutral,mixed,21.6,15.0,2.0,6.0,0.0,—,-0.27,49.2,TP2,no,114.28,114.28,0.40,"closed_at_tp2+weak_structure,no_historical_analogue,scanner_outage_corrupted","weak_structure,no_history,negative_cmf","[infrastructure_failure] NEARUSDT is a grade-B long with full EMA alignment and strong daily ADX, but the volume checklist fails outright — OBV is declinin"
SUIUSDT,short,0.725,0.7319,2026-09-14 15:50,2026-09-14 16:48,1.0,61,B,neutral,mixed,17.7,15.0,10.0,6.0,0.0,—,-1.00,32.5,none,yes,-0.95,0.18,-0.95,"immediate_reversal+rsi_chop_zone,weak_structure,no_historical_analogue,short_direction","rsi_chop_30_49,weak_structure,no_history,risk_penalty_applied","[bad_structure_call] SUIUSDT short is a B-grade, 61-confidence setup built on bearish 4h/1d trend and maxed momentum, but structure hasn't confirmed (n"
XRPUSDT,long,1.392,1.4561,2026-09-14 14:57,2026-09-14 18:32,3.6,63,B,neutral,mixed,18.9,15.0,10.0,6.0,1.5,0.47,-0.34,44.5,TP2,no,4.61,4.61,0.37,closed_at_tp2+weak_structure,weak_structure,"[perfect_trade] XRP is a B-grade long: all timeframes trend up and momentum is maxed out, but there's no fresh 4h structural trigger and the ML mo"
SOLUSDT,long,101.25,122.51,2026-09-14 14:57,2026-09-25 20:45,269.8,57,B,neutral,mixed,13.9,15.0,7.0,6.0,3.0,0.57,-0.25,32.7,TP2,no,21.00,21.00,0.25,"closed_at_tp2+weak_structure,scanner_outage_corrupted","weak_structure,negative_cmf","[infrastructure_failure] SOL is a lower-conviction B-grade long: the daily uptrend and momentum are intact, but 1h/4h structure currently disagrees, so tre"
1000PEPEUSDT,long,0.0033925,0.0044924,2026-09-13 11:06,2026-09-25 20:45,297.7,56,B,neutral,mixed,15.3,15.0,7.0,6.0,0.0,—,-0.21,40.8,TP2,no,32.42,32.42,-1.42,"closed_at_tp2+rsi_chop_zone,weak_structure,no_historical_analogue,scanner_outage_corrupted","rsi_chop_30_49,weak_structure,no_history,negative_cmf","[infrastructure_failure] 1000PEPEUSDT long is a moderate-confidence (56, grade B) momentum play with maxed-out momentum scoring but unconfirmed structure a"
CLUSDT,long,96.35,92.44,2026-09-13 11:00,2026-09-25 20:45,297.8,63,B,neutral,mixed,21.2,8.0,8.0,6.0,0.0,—,0.91,42.1,none,yes,-4.06,4.24,-4.06,"some_favorable_move_then_stopped+weak_structure,no_historical_analogue,scanner_outage_corrupted","weak_structure,no_history","[infrastructure_failure] This is a B-grade long (63% confidence) on CLUSDT, backed by full trend alignment across 1h/4h/1d and strong 1d ADX, though struct"
FLOCKUSDT,long,0.07915,0.07489,2026-09-13 14:00,2026-09-13 17:49,3.8,60,B,neutral,mixed,25.0,11.0,7.0,6.0,0.0,—,0.02,35.4,none,yes,-5.38,2.73,-5.38,"some_favorable_move_then_stopped+weak_structure,no_historical_analogue","weak_structure,no_history,negative_cmf,risk_penalty_applied","[bad_structure_call] FLOCKUSDT is a B-grade long with strong, well-aligned trend and momentum across all three timeframes, but lacks fresh structural c"
PUMPUSDT,short,0.003731,0.0046,2026-09-13 10:19,2026-09-26 07:22,309.1,60,B,excellent,mixed,14.9,15.0,7.0,11.0,0.0,—,0.10,37.7,TP1,yes,-23.29,6.97,-23.29,"reached_tp1_then_stopped+rsi_chop_zone,no_historical_analogue,short_direction","rsi_chop_30_49,no_history,negative_cmf",[good_entry_bad_exit] PUMPUSDT is a grade-B short at 60% confidence with an 'excellent' entry quality — fresh 4h bearish structure (FVG + BOS-aligned tr
DOGEUSDT,short,0.084945,0.09837,2026-09-14 09:53,2026-09-25 20:45,274.9,59,B,neutral,mixed,14.9,15.0,10.0,6.0,0.0,—,-1.00,30.0,TP1,yes,-15.80,2.10,-15.80,"reached_tp1_then_stopped+rsi_chop_zone,weak_structure,no_historical_analogue,short_direction,scanner_outage_corrupted","rsi_chop_30_49,weak_structure,no_history","[infrastructure_failure] DOGEUSDT short is graded B at 59% confidence, but two checklist items — trend_confirms and structure_confirms — are both false, me"
XAUUSDT,short,4359.75,4292.87,2026-09-13 04:49,2026-09-14 09:25,28.6,55,B,good,mixed,19.5,15.0,5.0,11.0,0.0,—,-0.31,40.8,TP2,no,1.53,1.53,-0.03,"closed_at_tp2+rsi_chop_zone,no_historical_analogue,short_direction","rsi_chop_30_49,no_history,negative_cmf,mfi_over_80","[perfect_trade] XAUUSDT short is grade B at 55% confidence, backed by full bearish trend agreement across 1h/4h/1d but weakened by extremely crowd"
USELESSUSDT,long,0.2343,0.22327,2026-09-13 03:48,2026-09-13 07:16,3.5,58,B,neutral,mixed,19.5,15.0,10.0,6.0,0.0,—,0.20,35.4,none,yes,-4.71,-0.01,-4.71,"immediate_reversal+weak_structure,no_historical_analogue","weak_structure,no_history,risk_penalty_applied","[bad_structure_call] USELESSUSDT is a trend-following long: all timeframes agree bullish and momentum/volume support it, but the entry lacks fresh 4h s"
PUMPUSDT,long,0.003775,0.003694,2026-09-13 03:18,2026-09-13 08:33,5.3,56,B,neutral,mixed,15.3,15.0,7.0,6.0,0.0,—,0.72,37.7,none,yes,-2.15,1.80,-2.15,"some_favorable_move_then_stopped+rsi_chop_zone,weak_structure,no_historical_analogue","rsi_chop_30_49,weak_structure,no_history,negative_cmf","[bad_structure_call] PUMPUSDT is a grade-B long driven mainly by 1h bullish momentum, but both 4h and 1d structure remain bearish and 4h/1d volume flow"
ETHUSDT,long,2518.8,2482.04,2026-09-13 02:48,2026-09-13 09:31,6.7,55,B,neutral,mixed,22.1,15.0,5.0,6.0,-3.0,0.55,0.13,26.0,none,yes,-1.46,0.15,-1.46,immediate_reversal+weak_structure,weak_structure,"[bad_structure_call] ETH's long setup rests on solid daily/4h trend and momentum (ADX 51.4, price above key EMAs) but lacks fresh structural confirmati"
XAGUSDT,short,64.6,62.71,2026-09-13 00:30,2026-09-14 09:19,32.8,51,C,excellent,mixed,18.2,15.0,2.0,11.0,0.0,—,1.86,37.7,TP2,no,2.93,2.93,-0.01,"closed_at_tp2+rsi_chop_zone,no_historical_analogue,short_direction","rsi_chop_30_49,no_history,negative_cmf","[perfect_trade] Lower-conviction short (grade C, confidence 51) despite an 'excellent' entry-quality read — 4h/1d trend and a fresh 4h FVG support"
WLDUSDT,short,0.40625,0.4826,2026-09-12 16:14,2026-09-25 20:45,316.5,61,B,good,mixed,15.2,15.0,7.0,11.0,0.0,—,-0.41,40.8,TP2,yes,-18.79,4.89,-18.79,"hit_tp2_then_reversed+rsi_chop_zone,no_historical_analogue,short_direction,scanner_outage_corrupted","rsi_chop_30_49,no_history,negative_cmf","[infrastructure_failure] This is a B-grade, 61-confidence short on WLD based on 1h/4h bearish momentum divergence against a still-bullish daily trend, ente"
LABUSDT,long,0.073,0.06763,2026-09-12 15:50,2026-09-12 15:56,0.1,48,C,neutral,mixed,20.0,15.0,7.0,6.0,0.0,—,-0.09,35.4,none,yes,-7.36,0.62,-7.36,"immediate_reversal+weak_structure,no_historical_analogue","weak_structure,no_history,negative_cmf,risk_penalty_applied","[bad_structure_call] Momentum and volume favor the long on 1h/4h, but the 1d timeframe is bearish (price far below 1d EMA20/50/200) and structure hasn'"
SKHYUSDT,long,190.2,184.64,2026-09-12 15:39,2026-09-13 08:28,16.8,68,B+,neutral,mixed,24.6,8.0,10.0,6.0,0.0,—,0.11,42.1,none,yes,-2.92,0.15,-2.92,"immediate_reversal+weak_structure,no_historical_analogue","weak_structure,no_history","[bad_structure_call] This is a B+ graded long on daily/4h EMA trend alignment and positive volume flow, but the 4h structure label itself reads bearish"
SKHYNIXUSDT,long,1365.25,1334.08,2026-09-12 15:27,2026-09-12 19:38,4.2,66,B+,neutral,mixed,22.7,8.0,10.0,6.0,0.0,—,0.87,37.7,none,yes,-2.28,0.25,-2.28,"immediate_reversal+weak_structure,no_historical_analogue","weak_structure,no_history","[bad_structure_call] SKHYNIXUSDT gets a B+ grade on strong multi-timeframe trend alignment and healthy volume/funding conditions, but lacks a fresh str"
CRCLUSDT,short,91.75,92.66,2026-09-12 14:29,2026-09-14 12:34,46.1,54,C,good,mixed,16.2,15.0,7.0,11.0,0.0,—,-0.30,45.4,TP1,yes,-0.99,1.50,-0.99,"reached_tp1_then_stopped+rsi_chop_zone,no_historical_analogue,short_direction","rsi_chop_30_49,no_history,negative_cmf","[good_entry_bad_exit] C-grade short on 4h downtrend with 1h price stalling near resistance, but history is unproven and structure isn't freshly confirmi"
RIVERUSDT,long,1.27,1.509,2026-09-12 13:19,2026-09-12 18:34,5.2,50,C,neutral,mixed,19.5,15.0,10.0,6.0,0.0,—,0.28,44.5,TP2,no,18.82,18.82,-0.71,"closed_at_tp2+weak_structure,no_historical_analogue","weak_structure,no_history,risk_penalty_applied",[perfect_trade] Confidence is only 50 (grade C) because this long fights a strongly bearish daily trend (1d EMA200 at 5.35 vs. price 1.27) even th
SPCXUSDT,long,150.1,148.2,2026-09-12 12:09,2026-09-14 01:15,37.1,61,B,excellent,mixed,20.5,15.0,2.0,11.0,0.0,—,0.70,35.0,none,yes,-1.27,0.11,-1.27,immediate_reversal+no_historical_analogue,"no_history,negative_cmf","[bad_structure_call] SPCXUSDT is a 3/3-timeframe aligned long with fresh 4h FVG support and excellent entry timing per the engine, but volume divergenc"
SOLUSDT,long,104.8,101.68,2026-09-06 07:07,2026-09-12 06:56,143.8,73,B+,excellent,risk_on,19.7,15.0,10.0,11.0,3.0,0.52,—,32.7,none,yes,-2.98,0.54,-2.98,immediate_reversal+scanner_outage_corrupted,—,"[infrastructure_failure] SOL is a B+ graded long with excellent entry quality, backed by aligned trend across all timeframes and a fresh 4h FVG near curren"
LINKUSDT,long,12.185,11.516,2026-09-06 07:07,2026-09-12 06:56,143.8,72,B+,excellent,risk_on,21.3,11.0,10.0,11.0,0.0,—,—,45.4,none,yes,-5.49,0.69,-5.49,"immediate_reversal+no_historical_analogue,scanner_outage_corrupted",no_history,"[infrastructure_failure] LINK is a B+ graded long with excellent entry quality and strong multi-timeframe trend alignment, including a confirmed daily BOS."
FILUSDT,long,0.8021,0.9216,2026-09-06 07:06,2026-09-13 14:56,175.8,69,B+,excellent,risk_on,21.1,15.0,7.0,11.0,0.0,—,—,44.5,TP2,no,14.90,14.90,-0.37,closed_at_tp2+no_historical_analogue,"no_history,negative_cmf","[perfect_trade] FIL presents a clean 'excellent' entry-quality long with full multi-timeframe trend alignment and a fresh 4h FVG as confirmation, "
SKHYUSDT,long,161.6,159.06,2026-08-29 03:38,2026-09-03 05:21,121.7,62,B,neutral,mixed,18.5,15.0,10.0,6.0,0.0,—,—,42.1,TP1,yes,-1.57,2.28,-1.57,"reached_tp1_then_stopped+weak_structure,no_historical_analogue","weak_structure,no_history","[good_entry_bad_exit] SKHYUSDT long is a B-grade, 62%-confidence trend trade built on 1h/1d bullish alignment and a fresh 1h FVG, but the 4h timeframe i"
HEMIUSDT,long,0.01165,0.010646,2026-08-29 06:47,2026-08-29 07:03,0.3,64,B,neutral,mixed,25.0,11.0,10.0,6.0,0.0,—,—,35.4,none,yes,-8.62,0.57,-8.62,"immediate_reversal+weak_structure,no_historical_analogue","weak_structure,no_history,risk_penalty_applied","[bad_structure_call] HEMIUSDT long is a B-grade, 64%-confidence trend-following trade riding a genuinely strong multi-timeframe uptrend with solid volu"
ENAUSDT,long,0.163,0.15631,2026-08-29 03:38,2026-08-29 08:16,4.6,59,B,neutral,mixed,25.0,15.0,5.0,6.0,0.0,—,—,35.4,TP1,yes,-4.10,1.47,-4.10,"reached_tp1_then_stopped+weak_structure,no_historical_analogue","weak_structure,no_history,risk_penalty_applied","[good_entry_bad_exit] ENAUSDT long is a B-grade, 59%-confidence trend trade supported by a genuine buyback-related news catalyst, but it carries a volat"
SOXSUSDT,long,49.3,53,2026-08-29 03:38,2026-09-02 20:20,112.7,60,B,neutral,mixed,16.1,15.0,10.0,6.0,0.0,—,—,49.2,TP3,no,7.50,7.50,0.12,"ran_to_tp3+weak_structure,no_historical_analogue","weak_structure,no_history","[perfect_trade] SOXSUSDT long is a B-grade, 60%-confidence trend trade with only 2/3 timeframe alignment and an overbought 1h MFI reading right at"
SNXXUSDT,short,12.9,13.94,2026-08-29 03:07,2026-09-02 18:59,111.9,64,B,neutral,mixed,20.2,15.0,10.0,6.0,0.0,—,—,32.5,none,yes,-8.06,0.62,-8.06,"immediate_reversal+rsi_chop_zone,weak_structure,no_historical_analogue,short_direction,scanner_outage_corrupted","rsi_chop_30_49,weak_structure,no_history","[infrastructure_failure] Deterministic engine flags a B-grade short on SNXXUSDT, driven by bearish 4h/1d trend positioning below key EMAs, but structure an"
SNDKUSDT,short,1485,1548.9,2026-08-29 03:07,2026-09-02 18:59,111.9,59,B,neutral,mixed,15.0,15.0,10.0,6.0,0.0,—,—,37.7,none,yes,-4.30,0.10,-4.30,"immediate_reversal+rsi_chop_zone,weak_structure,no_historical_analogue,short_direction,scanner_outage_corrupted","rsi_chop_30_49,weak_structure,no_history",[infrastructure_failure] SNDKUSDT's B-grade short is the weakest of this batch — it fails the trend_confirms checklist due to a conflicting daily trend rea
CLUSDT,long,83.15,90.82,2026-08-29 03:07,2026-09-02 18:59,111.9,58,B,neutral,mixed,14.4,15.0,10.0,6.0,0.0,—,—,42.1,TP2,no,9.22,9.22,-0.20,"closed_at_tp2+weak_structure,no_historical_analogue,scanner_outage_corrupted","weak_structure,no_history","[infrastructure_failure] CLUSDT is the lowest-scoring setup in this batch, with 1h and 4h structure explicitly reading bearish against the long call and ve"
ZECUSDT,long,802,1166.44,2026-08-29 01:57,2026-09-06 06:22,196.4,65,B+,neutral,mixed,20.9,8.0,10.0,6.0,0.0,—,—,42.1,TP2,no,45.44,45.44,-1.45,"closed_at_tp2+weak_structure,no_historical_analogue,scanner_outage_corrupted","weak_structure,no_history","[infrastructure_failure] ZECUSDT carries the highest confidence and grade in this batch (65%, B+) on the back of a confirmed 1h bullish break-of-structure "
TRUMPUSDT,long,2.75,2.174,2026-08-29 00:34,2026-09-02 18:59,114.4,47,C,neutral,mixed,24.8,15.0,2.0,6.0,0.0,—,—,35.4,TP1,yes,-20.95,10.98,-20.95,"reached_tp1_then_stopped+weak_structure,no_historical_analogue,scanner_outage_corrupted","weak_structure,no_history,negative_cmf,risk_penalty_applied",[infrastructure_failure] TRUMPUSDT is trend-aligned long but scored only a C grade at 47% confidence due to weak volume confirmation and crowded long posit
MOVRUSDT,long,0.9115,0.7656,2026-08-28 20:11,2026-08-28 20:41,0.5,59,B,neutral,mixed,20.0,15.0,10.0,6.0,0.0,—,—,32.5,none,yes,-16.01,0.23,-16.01,"immediate_reversal+weak_structure,no_historical_analogue","weak_structure,no_history,risk_penalty_applied","[bad_structure_call] MOVRUSDT is a B-grade long where the 4h/1d trend is constructive (strong ADX, rising OBV, unfilled daily bullish FVG below) but th"
BNBUSDT,long,694.55,686.61,2026-08-28 18:07,2026-08-28 18:40,0.6,71,B+,good,mixed,20.0,8.0,5.0,11.0,10.5,0.54,—,37.7,none,yes,-1.14,-0.17,-1.14,immediate_reversal+rsi_chop_zone,"rsi_chop_30_49,risk_penalty_applied",[bad_structure_call] BNBUSDT is a B+ grade long riding a strong daily uptrend with a favorable historical base rate (85% win rate on 20 similar setups)
MOVRUSDT,long,0.9085,0.8819,2026-08-28 16:05,2026-08-28 16:29,0.4,61,B,neutral,risk_on,20.0,15.0,10.0,6.0,0.0,—,—,32.5,none,yes,-2.93,-0.11,-2.93,"immediate_reversal+weak_structure,no_historical_analogue","weak_structure,no_history,risk_penalty_applied","[bad_structure_call] MOVRUSDT is a moderate-conviction (Grade B, 61% confidence) long, supported by strong 4h/1d trend and momentum but held back by un"
SPCXUSDT,long,140.1,146.76,2026-08-28 15:58,2026-09-03 13:47,141.8,65,B+,neutral,risk_on,18.8,15.0,10.0,6.0,0.0,—,—,35.0,TP3,no,4.75,4.75,-1.12,"ran_to_tp3+weak_structure,no_historical_analogue","weak_structure,no_history","[perfect_trade] SPCXUSDT is a B+ grade long with all three timeframes trending bullish and healthy volume/funding conditions, but entry timing is "
MSTRUSDT,long,129,122.62,2026-08-28 15:58,2026-09-02 18:59,123.0,65,B+,good,risk_on,19.5,15.0,5.0,11.0,0.0,—,—,30.0,none,yes,-4.95,-0.32,-4.95,"immediate_reversal+no_historical_analogue,scanner_outage_corrupted","no_history,risk_penalty_applied","[infrastructure_failure] MSTRUSDT is a B+ long supported by strong 4h/1d trend and momentum, but the 1h timeframe is in active pullback with a bearish BOS,"
MSTRUSDT,long,133.7,129.1,2026-08-28 15:28,2026-08-28 15:51,0.4,65,B+,good,risk_on,19.6,15.0,5.0,11.0,0.0,—,—,30.0,none,yes,-3.44,-0.75,-3.44,immediate_reversal+no_historical_analogue,no_history,"[bad_structure_call] MSTR presents a B+ long setup where daily and 4h trend are strongly bullish, but the 1h timeframe is actively bearish (BOS down, n"
ETHUSDT,long,2502,2475.25,2026-08-28 15:10,2026-08-28 15:58,0.8,76,A,neutral,risk_on,24.4,8.0,10.0,6.0,9.0,0.49,—,26.0,none,yes,-1.07,0.20,-1.07,immediate_reversal+weak_structure,weak_structure,"[bad_structure_call] Grade A long with strong multi-timeframe trend alignment and a favorable risk-on regime, but structure confirmation is missing and"
SUIUSDT,long,0.76925,0.7233,2026-08-28 15:03,2026-09-12 06:56,351.9,63,B,neutral,risk_on,19.9,15.0,7.0,6.0,0.0,—,—,32.5,none,yes,-5.97,3.59,-5.97,"some_favorable_move_then_stopped+rsi_chop_zone,weak_structure,no_historical_analogue,scanner_outage_corrupted","rsi_chop_30_49,weak_structure,no_history,negative_cmf","[infrastructure_failure] SUIUSDT is a grade-B long where 1h and 1d trends align bullish but the 4h structure is explicitly labeled bearish, creating an int"
XAGUSDT,long,69.4,66.76,2026-08-28 15:15,2026-08-28 16:22,1.1,61,B,neutral,risk_on,20.1,15.0,5.0,6.0,0.0,—,—,37.7,none,yes,-3.80,0.06,-3.80,"immediate_reversal+weak_structure,no_historical_analogue","weak_structure,no_history","[bad_structure_call] XAGUSDT is a grade-B long backed by solid daily/4h trend structure, but the 1h just printed a bearish CHoCH and momentum is soft, "
SOLUSDT,long,104.4,99.42,2026-08-28 14:10,2026-09-02 18:59,124.8,73,B+,good,risk_on,24.9,15.0,5.0,11.0,-3.0,0.52,—,32.7,TP1,yes,-4.77,2.73,-4.77,reached_tp1_then_stopped+scanner_outage_corrupted,—,[infrastructure_failure] SOL is a B+ long with daily/4h trend strongly bullish (ADX 40+) but a corrective 1h dip creating the entry opportunity; entry qual
MSTRUSDT,long,134.74,132.35,2026-08-28 13:40,2026-08-28 14:10,0.5,71,B+,good,risk_on,24.8,15.0,5.0,11.0,0.0,—,—,30.0,none,yes,-1.77,0.28,-1.77,immediate_reversal+no_historical_analogue,no_history,"[bad_structure_call] MSTRUSDT is a B+ long with daily/4h trend strongly bullish and risk-on regime support, but the 1h timeframe is in a bearish micro-"
MUUSDT,long,977.35,921.1,2026-08-21 10:34,2026-08-28 12:24,169.8,66,B+,neutral,risk_on,19.8,15.0,10.0,6.0,0.0,—,—,40.8,none,yes,-5.75,0.40,-5.75,"immediate_reversal+weak_structure,no_historical_analogue,scanner_outage_corrupted","weak_structure,no_history","[infrastructure_failure] MUUSDT is a B+ graded long with confidence 66, driven by clean multi-timeframe trend alignment and strong momentum in a risk-on re"
DRAMUSDT,long,58.425,55.92,2026-08-21 09:05,2026-08-28 12:24,171.3,63,B,neutral,risk_on,19.7,15.0,7.0,6.0,0.0,—,—,35.0,none,yes,-4.29,0.62,-4.29,"immediate_reversal+weak_structure,no_historical_analogue,scanner_outage_corrupted","weak_structure,no_history,negative_cmf","[infrastructure_failure] DRAMUSDT is a grade-B long with confidence 63, supported by full multi-timeframe trend alignment and strong momentum, but the 4h s"
SAMSUNGUSDT,long,196.75,187.77,2026-08-21 08:25,2026-08-28 12:24,172.0,68,B+,neutral,risk_on,22.0,15.0,10.0,6.0,0.0,—,—,45.4,none,yes,-4.56,0.49,-4.56,"immediate_reversal+weak_structure,no_historical_analogue,scanner_outage_corrupted","weak_structure,no_history,liquidity_stress","[infrastructure_failure] SAMSUNGUSDT is a B+ graded long with solid multi-timeframe trend agreement and a risk_on regime tailwind, but entry quality is onl"
LINKUSDT,long,9.34,11.647,2026-08-16 12:09,2026-08-21 07:40,115.5,64,B,neutral,mixed,25.0,15.0,5.0,6.0,0.0,—,—,45.4,TP2,no,24.70,24.70,-0.12,"closed_at_tp2+weak_structure,no_historical_analogue,scanner_outage_corrupted","weak_structure,no_history","[infrastructure_failure] LINK is a B-grade long built on a strong 4h trend (ADX 47.9) but weak short-term structure and volume confirmation, landing at 'ne"
CLUSDT,long,81.225,86.38,2026-08-16 09:51,2026-08-21 07:40,117.8,62,B,neutral,mixed,18.6,8.0,10.0,6.0,0.0,—,—,42.1,TP3,no,6.35,6.35,0.04,"ran_to_tp3+weak_structure,no_historical_analogue,scanner_outage_corrupted","weak_structure,no_history","[infrastructure_failure] CLUSDT is a B-grade, 62-confidence long with all three timeframes trading above key EMAs and clean funding/volume conditions, but "
ZECUSDT,short,488.5,629.21,2026-08-16 09:34,2026-08-21 07:40,118.1,59,B,neutral,mixed,18.6,15.0,7.0,6.0,0.0,—,—,42.1,none,yes,-28.80,0.76,-28.80,"immediate_reversal+rsi_chop_zone,weak_structure,no_historical_analogue,short_direction,scanner_outage_corrupted","rsi_chop_30_49,weak_structure,no_history,negative_cmf","[infrastructure_failure] ZEC shows full trend alignment across 1h/4h/1d toward the downside with maxed momentum score, earning a B grade and 59 confidence."
ALLOUSDT,short,0.268,0.27539,2026-08-16 10:31,2026-08-16 11:06,0.6,63,B,neutral,mixed,22.7,11.0,7.0,6.0,0.0,—,—,35.4,none,yes,-2.76,0.55,-2.76,"immediate_reversal+rsi_chop_zone,weak_structure,no_historical_analogue,short_direction,scanner_outage_corrupted","rsi_chop_30_49,weak_structure,no_history,negative_cmf","[infrastructure_failure] ALLOUSDT short is graded B at 63% confidence, driven by full timeframe trend agreement and negative funding, but structure lacks a"
HYPEUSDT,long,57.145,73.76,2026-08-16 09:45,2026-08-21 07:40,117.9,65,B+,excellent,mixed,19.4,15.0,7.0,11.0,0.0,—,—,42.1,TP3,no,29.07,29.07,0.12,"ran_to_tp3+no_historical_analogue,scanner_outage_corrupted","no_history,negative_cmf","[infrastructure_failure] HYPEUSDT is a B+ graded long with confidence 65, built on aligned 1h/4h bullish trend, a fresh 4h FVG, and strong momentum/volume "
ETHUSDT,short,1880.25,2381.77,2026-08-16 07:55,2026-08-21 07:40,119.7,56,B,neutral,mixed,15.0,15.0,10.0,6.0,4.5,0.64,—,26.0,none,yes,-26.67,0.11,-26.67,"immediate_reversal+rsi_chop_zone,weak_structure,short_direction,scanner_outage_corrupted","rsi_chop_30_49,weak_structure","[infrastructure_failure] ETH's short is driven by 1h bearish momentum and crowded long positioning, but 4h/1d structure remains bullish, so this is a count"
SPORTFUNUSDT,long,0.0258,0.02422,2026-08-16 03:40,2026-08-16 06:42,3.0,59,B,neutral,mixed,23.9,15.0,7.0,6.0,0.0,—,—,35.4,none,yes,-6.12,0.78,-6.12,"immediate_reversal+weak_structure,no_historical_analogue","weak_structure,no_history,negative_cmf,risk_penalty_applied","[bad_structure_call] This is a B-grade, 59-confidence long on a low-cap/illiquid pair with strong trend agreement across timeframes but no historical o"
WLDUSDT,long,0.34795,0.3768,2026-08-15 21:35,2026-08-21 07:40,130.1,67,B+,excellent,mixed,21.9,15.0,7.0,11.0,0.0,—,—,40.8,TP3,no,8.29,8.29,-1.48,"ran_to_tp3+no_historical_analogue,scanner_outage_corrupted","no_history,negative_cmf","[infrastructure_failure] WLD offers a B+ graded long with excellent entry timing: 1h/4h trend and structure both confirm, momentum is maxed, and a fresh 4h"
PUMPUSDT,long,0.002807,0.003912,2026-08-15 20:20,2026-08-21 07:40,131.3,71,B+,excellent,mixed,22.3,8.0,10.0,11.0,0.0,—,—,37.7,TP2,no,39.37,39.37,-3.46,"closed_at_tp2+no_historical_analogue,scanner_outage_corrupted",no_history,"[infrastructure_failure] PUMPUSDT shows the cleanest technical alignment in this batch — 3/3 timeframes bullish, fresh 4h FVG, strong volume confirmation —"
SKHYNIXUSDT,long,1171.17,1253.92,2026-08-16 13:01,2026-08-21 07:40,114.6,65,B+,excellent,mixed,20.0,8.0,7.0,11.0,0.0,—,—,37.7,TP2,no,7.07,7.07,0.17,"closed_at_tp2+no_historical_analogue,scanner_outage_corrupted","no_history,negative_cmf","[infrastructure_failure] SKHYNIXUSDT is a B+ long anchored on a fresh 4h FVG with strong 4h ADX (48.5), but the 1d structure is still labeled bearish, crea"
DOGEUSDT,short,0.07015,0.0844,2026-08-15 17:07,2026-08-21 07:40,134.5,53,C,neutral,mixed,20.6,15.0,7.0,6.0,0.0,—,—,30.0,none,yes,-20.31,0.95,-20.31,"immediate_reversal+rsi_chop_zone,weak_structure,no_historical_analogue,short_direction,scanner_outage_corrupted","rsi_chop_30_49,weak_structure,no_history,negative_cmf","[infrastructure_failure] Multi-timeframe trend agreement supports a short bias, but structure hasn't freshly confirmed and 1h momentum is weak (ADX ~10), k"
BNBUSDT,long,610.5,604.36,2026-08-14 00:50,2026-08-14 11:14,10.4,69,B+,excellent,mixed,21.2,8.0,5.0,11.0,6.0,0.55,—,37.7,none,yes,-1.01,0.37,-1.01,immediate_reversal,—,"[bad_structure_call] BNBUSDT long is supported by full multi-timeframe alignment and a fresh 4h FVG right at current price, with a favorable historical"
SAMSUNGUSDT,long,191.5,203.79,2026-08-14 02:12,2026-08-21 07:40,173.5,66,B+,neutral,mixed,25.0,11.0,8.0,6.0,0.0,—,—,45.4,TP2,no,6.42,6.42,-0.95,"closed_at_tp2+weak_structure,no_historical_analogue,scanner_outage_corrupted","weak_structure,no_history,mfi_over_80",[infrastructure_failure] SAMSUNGUSDT long is driven by a very strong multi-timeframe uptrend (ADX 44+) but lacks fresh confirming structure and historical 
APRUSDT,long,0.457,0.544,2026-08-14 00:44,2026-08-14 12:29,11.8,64,B,neutral,mixed,25.0,15.0,10.0,6.0,0.0,—,—,44.5,TP3,no,19.04,19.04,-4.33,"ran_to_tp3+weak_structure,no_historical_analogue,scanner_outage_corrupted","weak_structure,no_history,risk_penalty_applied","[infrastructure_failure] APRUSDT is a 64-confidence (Grade B) long where the 4h and 1d trends are strongly bullish, but the 1h has just posted a bearish CH"
SPCXUSDT,long,143.55,139.58,2026-08-13 19:33,2026-08-15 14:00,42.4,66,B+,good,mixed,22.6,15.0,5.0,11.0,0.0,—,—,35.0,none,yes,-2.77,0.81,-2.77,immediate_reversal+no_historical_analogue,no_history,"[bad_structure_call] SPCXUSDT is a B+ graded long with good entry quality: price is above EMA20/50 on all timeframes and daily momentum is strong, but "
LINKUSDT,long,8.705,9.459,2026-08-14 08:24,2026-08-15 13:13,28.8,67,B+,neutral,mixed,23.5,8.0,10.0,6.0,0.0,—,—,45.4,TP3,no,8.66,8.66,0.31,"ran_to_tp3+weak_structure,no_historical_analogue,scanner_outage_corrupted","weak_structure,no_history","[infrastructure_failure] LINKUSDT shows a clean 3-timeframe bullish trend alignment with decent volume/funding backing (score 57.5, confidence 67, grade B+"
BTWUSDT,long,0.2615,0.31647,2026-08-13 15:54,2026-08-15 18:35,50.7,60,B,excellent,mixed,19.3,15.0,10.0,11.0,0.0,—,—,49.2,TP3,no,21.02,21.02,0.10,"ran_to_tp3+no_historical_analogue,scanner_outage_corrupted","no_history,risk_penalty_applied,funding_elevated","[infrastructure_failure] BTWUSDT shows a genuinely clean, freshly-confirmed long setup with all three timeframes aligned bullish, fresh 4h FVG support, and"
ETHUSDT,long,1888,1868.99,2026-08-13 15:48,2026-08-13 16:40,0.9,65,B+,neutral,mixed,14.1,15.0,7.0,6.0,12.0,0.65,—,26.0,none,yes,-1.01,-0.00,-1.01,"immediate_reversal+rsi_chop_zone,weak_structure","rsi_chop_30_49,weak_structure,negative_cmf","[bad_structure_call] ETH long is grade B+ with 65% confidence, built on solid 1h/1d bullish structure, strong historical win rate (90%) and supportive "
MUUSDT,long,911.25,934.3,2026-08-13 13:35,2026-08-13 13:47,0.2,64,B,neutral,mixed,20.2,15.0,10.0,6.0,0.0,—,—,40.8,TP2,no,2.53,2.53,0.26,"closed_at_tp2+weak_structure,no_historical_analogue","weak_structure,no_history","[perfect_trade] MUUSDT is a B-grade, confidence-64 long backed by clean multi-timeframe trend alignment and strong momentum/volume, but structure "
SAMSUNGUSDT,long,185.75,195.86,2026-08-13 13:16,2026-08-13 15:24,2.1,66,B+,neutral,mixed,24.4,11.0,8.0,6.0,0.0,—,—,45.4,TP2,no,5.44,5.44,0.20,"closed_at_tp2+weak_structure,no_historical_analogue","weak_structure,no_history,mfi_over_80","[perfect_trade] This is a B+ grade long at 66 confidence, driven by unusually strong trend alignment and ADX across all timeframes, but it lacks a"
SOXSUSDT,short,41.15,40.86,2026-08-13 12:58,2026-08-13 13:04,0.1,69,B+,good,mixed,21.1,8.0,10.0,11.0,0.0,—,—,49.2,TP2,no,0.70,0.70,0.24,"closed_at_tp2+rsi_chop_zone,no_historical_analogue,short_direction","rsi_chop_30_49,no_history","[perfect_trade] SOXSUSDT is a B+-grade short with 3/3 timeframe agreement and confirmed bearish structure, giving it the cleaner setup of the two "
EWYUSDT,long,174.6,179.2,2026-08-13 12:10,2026-08-13 14:36,2.4,64,B,neutral,mixed,22.4,15.0,8.0,6.0,0.0,—,—,40.8,TP2,no,2.63,2.63,-0.18,"closed_at_tp2+weak_structure,no_historical_analogue","weak_structure,no_history,mfi_over_80",[perfect_trade] A trend-following long with bullish alignment across timeframes but weak structural confirmation (checklist structure_confirms: fa
DRAMUSDT,long,54.35,55.89,2026-08-13 11:33,2026-08-13 14:24,2.9,64,B,good,mixed,17.5,15.0,8.0,11.0,0.0,—,—,35.0,TP2,no,2.83,2.83,-0.33,closed_at_tp2+no_historical_analogue,"no_history,mfi_over_80","[perfect_trade] DRAMUSDT is a grade-B long with good entry quality, built on a bullish 4h trend (ADX ~30, RSI ~65) and a nearby 1h FVG, but the 1h"
NVDAUSDT,long,223.85,227.39,2026-08-13 15:36,2026-08-28 12:24,356.8,62,B,neutral,mixed,23.6,15.0,5.0,6.0,0.0,—,—,49.2,TP2,no,1.58,1.58,0.15,"closed_at_tp2+weak_structure,no_historical_analogue,scanner_outage_corrupted","weak_structure,no_history,negative_cmf,mfi_over_80",[infrastructure_failure] NVDAUSDT is a grade-B long with neutral entry quality: EMA trend alignment is strong across all three timeframes and ADX confirms 
SKHYUSDT,long,150.8,163.91,2026-08-13 09:27,2026-08-13 14:48,5.3,64,B,good,mixed,18.1,15.0,8.0,11.0,0.0,—,—,42.1,TP3,no,8.69,8.69,0.38,ran_to_tp3+no_historical_analogue,"no_history,mfi_over_80","[perfect_trade] SKHYUSDT is a B-grade long with good entry quality, built on a bullish 4h/1d trend and strong momentum, but the 1h timeframe has j"
CYSUSDT,long,1.465,1.3759,2026-08-13 08:07,2026-08-13 09:21,1.2,63,B,good,mixed,25.0,15.0,5.0,11.0,0.0,—,—,40.8,none,yes,-6.08,0.74,-6.08,immediate_reversal+no_historical_analogue,"no_history,risk_penalty_applied","[bad_structure_call] CYS has strong trend and momentum scores driving the long call, but the lack of historical data, a volatility penalty, and a confl"
XAUUSDT,long,4400.5,4374.88,2026-08-13 05:34,2026-08-13 06:37,1.1,68,B+,neutral,mixed,25.0,8.0,10.0,6.0,0.0,—,—,40.8,none,yes,-0.58,0.05,-0.58,"immediate_reversal+weak_structure,no_historical_analogue","weak_structure,no_history",[bad_structure_call] XAUUSDT is a B+ graded long with solid multi-timeframe trend alignment (68% confidence) but a 'neutral' entry quality — trend is c
PAXGUSDT,long,4390.5,4364.53,2026-08-13 05:34,2026-08-13 06:37,1.1,68,B+,neutral,mixed,25.0,8.0,10.0,6.0,0.0,—,—,40.8,none,yes,-0.59,0.06,-0.59,"immediate_reversal+weak_structure,no_historical_analogue","weak_structure,no_history",[bad_structure_call] PAXGUSDT mirrors XAUUSDT's setup closely — a B+ graded long at 68% confidence with all timeframes trend-aligned but no fresh struc
BTWUSDT,long,0.23761,0.26966,2026-08-13 05:13,2026-08-13 15:18,10.1,61,B,good,mixed,19.9,15.0,10.0,11.0,0.0,—,—,49.2,TP2,no,13.49,13.49,-3.51,closed_at_tp2+no_historical_analogue,"no_history,risk_penalty_applied,funding_elevated","[good_trade] BTW is a grade B long at 61% confidence with confirmed structure and strong multi-timeframe trend alignment, but an explicit volat"
XAGUSDT,long,65.35,64.34,2026-08-12 19:23,2026-08-13 19:15,23.9,68,B+,good,mixed,25.0,8.0,5.0,11.0,0.0,—,—,37.7,none,yes,-1.55,1.42,-1.55,some_favorable_move_then_stopped+no_historical_analogue,no_history,"[bad_structure_call] XAGUSDT long is the stronger of the two setups here — confirmed 4h structure, a very strong 4h ADX (42), and a 'good' entry-qualit"
CRCLUSDT,long,69.8,73.78,2026-08-12 14:55,2026-08-13 19:04,28.1,54,C,neutral,mixed,23.3,15.0,5.0,6.0,0.0,—,—,45.4,TP2,no,5.70,5.70,-0.43,"closed_at_tp2+weak_structure,no_historical_analogue","weak_structure,no_history","[perfect_trade] Higher timeframes (4h, 1d) lean bullish, but 1h momentum and structure are weak and history isn't usable here (no stored match), w"
LITEUSDT,long,892.5,846.79,2026-08-12 13:29,2026-08-12 13:40,0.2,73,B+,excellent,mixed,24.1,15.0,10.0,11.0,0.0,—,—,35.4,none,yes,-5.12,0.84,-5.12,"immediate_reversal+no_historical_analogue,scanner_outage_corrupted",no_history,[infrastructure_failure] LITE shows strong momentum and volume but carries a B+ grade with a failed history checklist item — there's simply no track record
CLUSDT,long,82.55,80.92,2026-08-12 11:55,2026-08-13 08:38,20.7,62,B,neutral,mixed,23.8,15.0,5.0,6.0,0.0,—,—,42.1,none,yes,-1.98,0.28,-1.98,"immediate_reversal+weak_structure,no_historical_analogue","weak_structure,no_history","[bad_structure_call] CL is a B-grade long on solid multi-timeframe EMA alignment and trend strength (4h ADX ~35), but structure confirmation is missing"
HOLOUSDT,long,0.07725,0.07171,2026-08-12 10:21,2026-08-12 18:28,8.1,64,B,good,mixed,23.5,15.0,7.0,11.0,0.0,—,—,35.4,none,yes,-7.17,0.63,-7.17,"immediate_reversal+no_historical_analogue,scanner_outage_corrupted","no_history,negative_cmf,risk_penalty_applied","[infrastructure_failure] HOLOUSDT is a grade-B long with genuinely trending 4h/1d structure and strong momentum, but the setup has no historical base rate "
DOGEUSDT,long,0.0714,0.0696,2026-08-12 08:43,2026-08-12 21:31,12.8,56,B,good,mixed,15.6,15.0,10.0,11.0,0.0,—,—,30.0,none,yes,-2.52,1.06,-2.52,some_favorable_move_then_stopped+no_historical_analogue,no_history,"[bad_structure_call] DOGE is a B-grade, moderate-confidence (56) long riding an established uptrend on 1h/4h with supportive daily structure, but crowd"
VELVETUSDT,long,0.5505,0.7007,2026-08-12 08:08,2026-08-12 18:28,10.3,63,B,good,mixed,24.7,15.0,5.0,11.0,0.0,—,—,44.5,TP3,no,27.28,27.28,-0.45,"ran_to_tp3+no_historical_analogue,scanner_outage_corrupted","no_history,risk_penalty_applied","[infrastructure_failure] VELVETUSDT is a Grade B long with 63% confidence, driven by strong multi-timeframe trend alignment and a trending 4h ADX, but entr"
NEARUSDT,long,1.6425,1.862,2026-08-12 08:02,2026-08-21 07:40,215.6,61,B,excellent,mixed,15.3,15.0,7.0,11.0,0.0,—,—,49.2,TP3,no,13.36,13.36,-1.80,"ran_to_tp3+no_historical_analogue,scanner_outage_corrupted","no_history,negative_cmf","[infrastructure_failure] NEARUSDT long is a B grade, 61% confidence setup driven by strong short-term momentum and fresh 4h structure, but the daily trend "
BZUSDT,long,87.6,85.83,2026-08-12 07:37,2026-08-13 08:38,25.0,65,B+,neutral,mixed,24.3,15.0,10.0,6.0,0.0,—,—,32.5,none,yes,-2.02,0.60,-2.02,"immediate_reversal+weak_structure,no_historical_analogue","weak_structure,no_history,funding_elevated","[bad_structure_call] BZUSDT long is a multi-timeframe trend-following setup (B+ grade, 65% confidence) with strong trend and volume scores but weak str"
SKHYUSDT,long,143.9,152,2026-08-12 05:44,2026-08-12 13:52,8.1,63,B,excellent,mixed,14.7,15.0,10.0,11.0,0.0,—,—,42.1,TP2,no,5.63,5.63,0.51,closed_at_tp2+no_historical_analogue,no_history,"[perfect_trade] A grade B long with good short-term structure and fresh 4h confirmation, but the daily trend disagrees with the 1h/4h bullish read"
HYPEUSDT,short,54.3,55.689,2026-08-11 19:24,2026-08-12 11:20,15.9,64,B,excellent,mixed,18.6,8.0,7.0,11.0,0.0,—,—,42.1,none,yes,-2.56,0.34,-2.56,"immediate_reversal+rsi_chop_zone,no_historical_analogue,short_direction","rsi_chop_30_49,no_history","[bad_structure_call] Deterministic engine flags a B-grade short on HYPEUSDT with 64% confidence, driven by clean 3-timeframe bearish alignment and a fr"
SOLUSDT,short,75.15,76.68,2026-08-11 19:18,2026-08-12 09:29,14.2,65,B+,excellent,mixed,20.1,8.0,2.0,11.0,4.5,0.56,—,32.7,none,yes,-2.04,0.01,-2.04,"immediate_reversal+rsi_chop_zone,short_direction",rsi_chop_30_49,"[bad_structure_call] This is a B+ graded, 65%-confidence short on a fresh 4h bearish structure break with aligned 1h/4h trend, but volume confirmation "
SNDKUSDT,long,1263,1342.1,2026-08-11 18:32,2026-08-12 12:54,18.4,62,B,excellent,mixed,13.6,15.0,10.0,11.0,0.0,—,—,37.7,TP3,no,6.26,6.26,0.19,ran_to_tp3+no_historical_analogue,no_history,"[perfect_trade] This is a B-grade, 62-confidence long on SNDKUSDT built on strong 1h/4h momentum and a fresh 4h bullish FVG, but it's fighting the"
SNXXUSDT,short,9.825,10.37,2026-08-11 17:15,2026-08-12 05:26,12.2,55,B,good,mixed,13.5,15.0,8.0,11.0,0.0,—,—,32.5,none,yes,-5.55,0.46,-5.55,"immediate_reversal+no_historical_analogue,short_direction,scanner_outage_corrupted","no_history,risk_penalty_applied","[infrastructure_failure] This is a B-grade short built mainly on 4h/1d trend and strong momentum/structure scores, but it's fighting a bullish 1h picture ("
RKLBUSDT,short,78.1,—,2026-08-11 17:03,2026-08-11 18:49,1.8,68,B+,good,mixed,22.9,8.0,7.0,11.0,0.0,—,—,35.4,none,yes,-2.66,0.41,-2.66,"immediate_reversal+rsi_chop_zone,no_historical_analogue,short_direction","rsi_chop_30_49,no_history","[bad_structure_call] This is a B+ short on 4h/1d bearish structure beneath a still-mixed 1h picture, with decent trend and structure scores but no supp"
DRAMUSDT,short,50.875,52.58,2026-08-11 15:52,2026-08-12 05:26,13.6,59,B,neutral,mixed,15.0,15.0,10.0,6.0,0.0,—,—,35.0,none,yes,-3.35,0.85,-3.35,"immediate_reversal+weak_structure,no_historical_analogue,short_direction,scanner_outage_corrupted","weak_structure,no_history","[infrastructure_failure] This is a B-grade, medium-confidence (59) short on DRAMUSDT built on daily-trend bearishness diverging from a stalling 1h/4h bounc"
HYPEUSDT,long,55.05,—,2026-08-11 13:17,2026-08-11 15:35,2.3,57,B,neutral,mixed,13.2,15.0,10.0,6.0,0.0,—,—,42.1,none,yes,-1.64,-0.00,-1.64,"immediate_reversal+weak_structure,no_historical_analogue","weak_structure,no_history","[bad_structure_call] HYPEUSDT is a moderate-confidence (57, grade B) long based on 1h/4h price holding above key EMAs and constructive volume flow, but"
SKHYNIXUSDT,short,1008.5,1058.89,2026-08-11 09:55,2026-08-12 05:26,19.5,55,B,neutral,mixed,19.4,15.0,10.0,6.0,0.0,—,—,37.7,none,yes,-5.00,0.09,-5.00,"immediate_reversal+rsi_chop_zone,weak_structure,no_historical_analogue,short_direction,scanner_outage_corrupted","rsi_chop_30_49,weak_structure,no_history","[infrastructure_failure] This is a grade B, 55-confidence short driven by strong daily/4h bearish momentum, but structure hasn't freshly confirmed and posi"
SOLUSDT,long,76.5,—,2026-08-10 05:50,2026-08-11 15:40,33.8,45,C,—,risk_on,22.3,15.0,10.0,6.0,1.5,0.63,—,32.7,none,yes,-2.21,0.51,-2.21,immediate_reversal+weak_structure,weak_structure,[bad_structure_call] Confidence is capped at 45 (grade C) because structure doesn't confirm and the historical analogue set actually skews slightly bea
1000PEPEUSDT,long,0.0029,0.0026833,2026-08-10 05:50,2026-08-13 00:20,66.5,64,B,—,risk_on,20.7,15.0,7.0,6.0,0.0,—,—,40.8,none,yes,-7.47,0.15,-7.47,"immediate_reversal+weak_structure,no_historical_analogue","weak_structure,no_history","[bad_structure_call] This is a B-grade, moderate-confidence (64) multi-timeframe trend long with clean EMA/momentum alignment across 1h/4h/1d, but it c"
BTCUSDT,long,65000,—,2026-08-10 05:50,2026-08-11 07:11,25.3,69,B+,—,risk_on,19.7,8.0,7.0,6.0,7.5,0.60,—,35.4,none,yes,-1.61,0.24,-1.61,"immediate_reversal+weak_structure,scanner_outage_corrupted",weak_structure,"[infrastructure_failure] This is a B+ grade, 69-confidence trend-following BTC long backed by a genuinely favorable historical win rate (75%) and clean mul"
ETHUSDT,long,1918,—,2026-08-10 05:50,2026-08-11 07:11,25.3,69,B+,—,risk_on,19.0,8.0,7.0,6.0,7.5,0.62,—,26.0,none,yes,-2.32,0.27,-2.32,"immediate_reversal+weak_structure,scanner_outage_corrupted",weak_structure,"[infrastructure_failure] B+ grade, 69-confidence ETH long supported by a strong historical win rate and full EMA alignment, but undermined by an explicit 1"
BICOUSDT,long,0.07085,—,2026-08-09 05:46,2026-08-10 05:12,23.4,71,B+,—,risk_on,25.0,9.0,10.0,11.0,0.0,—,—,35.4,none,yes,-44.42,-0.55,-44.42,"immediate_reversal+no_historical_analogue,scanner_outage_corrupted","no_history,high_atr_extension,risk_penalty_applied","[infrastructure_failure] BICO is in a strong, broadly confirmed uptrend across 1h/4h/1d with solid volume backing, earning a B+ grade at 71% confidence, bu"
ACEUSDT,long,0.128,0.17896,2026-08-09 05:34,2026-08-14 09:57,124.4,71,B+,—,risk_on,25.0,15.0,10.0,11.0,0.0,—,—,40.8,TP3,no,39.81,39.81,-0.99,ran_to_tp3+no_historical_analogue,"no_history,risk_penalty_applied","[perfect_trade] ACEUSDT is a B+ trend-continuation long with strong multi-timeframe ADX alignment and favorable negative funding, but the daily ch"
BEATUSDT,long,2.875,—,2026-08-09 05:16,2026-08-10 05:12,23.9,62,B,—,risk_on,20.9,15.0,10.0,6.0,0.0,—,—,35.4,TP1,yes,-9.50,8.56,-9.50,"reached_tp1_then_stopped+weak_structure,no_historical_analogue,scanner_outage_corrupted","weak_structure,no_history,risk_penalty_applied","[infrastructure_failure] BEATUSDT is a moderate-conviction long (B grade, 62% confidence) driven by aligned 1h/4h bullish trend and momentum, but the daily"
QQQUSDT,long,721.25,733.27,2026-08-08 10:30,2026-08-13 23:06,132.6,72,B+,—,risk_on,24.5,8.0,7.0,11.0,0.0,—,—,44.5,TP2,no,1.67,1.67,0.07,closed_at_tp2+no_historical_analogue,no_history,"[perfect_trade] QQQUSDT long leans on strong daily/4h trend, but the 1h structure is explicitly bearish right now and there's no historical or ML "
PAXGUSDT,long,4329,—,2026-08-08 06:45,2026-08-11 11:04,76.3,71,B+,—,risk_on,25.0,11.0,10.0,6.0,0.0,—,—,40.8,TP2,no,1.36,1.36,0.12,"closed_at_tp2+weak_structure,no_historical_analogue","weak_structure,no_history,high_atr_extension","[perfect_trade] PAXG long closely mirrors the XAUUSDT setup — strong trend and momentum but no historical or ML backing, and entering into overbou"
CRCLUSDT,long,66.4,—,2026-08-08 06:45,2026-08-11 13:46,79.0,54,C,—,risk_on,17.5,15.0,8.0,6.0,0.0,—,—,45.4,TP2,no,5.24,5.24,0.48,"closed_at_tp2+weak_structure,no_historical_analogue","weak_structure,no_history","[perfect_trade] CRCL only scored a C-grade 54 confidence long — the 1h structure is actually bearish with a confirmed change-of-character, directl"
ACEUSDT,long,0.1145,—,2026-08-07 19:53,2026-08-08 10:30,14.6,61,B,—,risk_on,25.0,15.0,10.0,11.0,0.0,—,—,40.8,none,yes,-9.66,-0.69,-9.66,immediate_reversal+no_historical_analogue,"no_history,risk_penalty_applied,liquidity_stress,funding_elevated","[bad_structure_call] ACE is a B-grade, 61-confidence long built on strong 4h/1d trend strength (ADX 56.5, price above all major EMAs) despite a bearish"
ZECUSDT,long,511.75,—,2026-08-07 19:47,2026-08-11 07:11,83.4,67,B+,—,risk_on,21.1,8.0,10.0,6.0,0.0,—,—,42.1,none,yes,-4.36,0.40,-4.36,"immediate_reversal+weak_structure,no_historical_analogue,scanner_outage_corrupted","weak_structure,no_history",[infrastructure_failure] ZEC long rides strong short-term momentum but directly conflicts with its own bearish daily structure and has no historical or ML 
CYSUSDT,long,0.8175,—,2026-08-07 14:41,2026-08-07 16:37,1.9,,—,—,risk_on,25.0,8.0,5.0,11.0,0.0,—,—,40.8,TP2,no,19.67,19.67,0.48,closed_at_tp2+no_historical_analogue,"no_history,risk_penalty_applied","[perfect_trade] CYSUSDT's long signal is driven by a powerful 4h/1d uptrend, but the 1h structure is bearish, daily momentum is extremely overboug"
EWYUSDT,long,170.25,—,2026-08-05 19:42,2026-08-07 14:27,42.7,,—,—,risk_on,14.8,15.0,10.0,6.0,0.0,—,—,40.8,none,yes,-3.65,0.15,-3.65,"immediate_reversal+weak_structure,no_historical_analogue","weak_structure,no_history","[bad_structure_call] EWY is a B-grade long (61 confidence) riding 4h/1d bullish structure and a supportive risk-on regime, but the failed trend_confirm"
SNDKUSDT,long,1387.5,—,2026-08-05 19:42,2026-08-07 11:51,40.1,,—,—,risk_on,14.3,15.0,10.0,6.0,0.0,—,—,37.7,none,yes,-7.00,0.01,-7.00,"immediate_reversal+weak_structure,no_historical_analogue","weak_structure,no_history","[bad_structure_call] SNDK is a B-grade long (60 confidence) built on 4h bullish momentum and CMF flow, but it's the weakest of the three setups here — "
DRAMUSDT,long,54.45,—,2026-08-05 19:31,2026-08-07 11:51,40.3,,—,—,risk_on,12.8,15.0,10.0,11.0,0.0,—,—,35.0,none,yes,-5.31,0.39,-5.31,immediate_reversal+no_historical_analogue,no_history,"[bad_structure_call] This is a lower-conviction B-grade long (64 confidence, score 63.8) where short-term momentum is bullish but the daily trend is ac"
NVDAUSDT,long,214.7,223.53,2026-08-05 11:25,2026-08-12 21:02,177.6,,—,—,mixed,22.3,11.0,8.0,6.0,0.0,—,—,49.2,TP2,no,4.11,4.11,0.53,"closed_at_tp2+weak_structure,no_historical_analogue","weak_structure,no_history","[perfect_trade] NVDAUSDT is in a clean multi-timeframe uptrend — above EMA20/50 on 1h/4h/1d, 1h ADX 40, fresh daily MACD cross with a daily FVG, a"
