Symbol,Created,Entered,Closed,Dir,Strategy,Entry,Exit,Stop,TP1,TP2,TP3,Grade,Conf,Score,EQ,Regime,EV(R),Rel*,Ret%,MFE%,MAE%,Hold h,Pattern,Red flags,Outcome
SPCXUSDT,2026-09-14 19:01,2026-09-14 19:07,2026-09-25 20:45,long,fvg_continuation,150.075,148.55,148.6,151.57,152.52,154.77,B+,70,70.3,excellent,risk_on,0.29,34.9,-1.02,0.13,-1.02,265.6,"immediate_reversal+no_historical_analogue,scanner_outage_corrupted",no_history,infrastructure_failure
BNBUSDT,2026-09-14 19:01,2026-09-14 19:07,2026-09-25 20:45,long,ema_pullback,725.55,776.17,717,729.13,737.4,—,B+,65,64.0,neutral,risk_on,-0.82,37.5,6.98,6.98,0.07,265.6,"closed_at_tp2+weak_structure,scanner_outage_corrupted",weak_structure,infrastructure_failure
UNIUSDT,2026-09-14 17:00,2026-09-14 17:06,2026-09-25 20:45,long,ema_pullback,6.36,9.679,6.19,6.57,6.8,—,B,64,61.0,neutral,mixed,0.15,44.4,52.19,52.19,0.55,267.7,"closed_at_tp2+weak_structure,no_historical_analogue,scanner_outage_corrupted","weak_structure,no_history",infrastructure_failure
ZECUSDT,2026-09-14 16:14,2026-09-14 16:32,2026-09-25 20:45,long,ema_pullback,1130,1549.03,1108,1161.98,1184,1297.5,B,59,56.4,neutral,mixed,0.26,42.0,37.08,37.08,0.36,268.2,"ran_to_tp3+weak_structure,no_historical_analogue,scanner_outage_corrupted","weak_structure,no_history,negative_cmf",infrastructure_failure
HYPEUSDT,2026-09-14 15:50,2026-09-14 15:57,2026-09-25 20:45,long,ema_pullback,79.8,91.923,76.5,80.77,89.67,—,B,59,56.0,neutral,mixed,-0.33,42.0,15.19,15.19,-0.13,268.8,"closed_at_tp2+rsi_chop_zone,weak_structure,no_historical_analogue,scanner_outage_corrupted","rsi_chop_30_49,weak_structure,no_history",infrastructure_failure
BZUSDT,2026-09-14 15:50,2026-09-14 15:57,2026-09-25 20:45,long,ema_pullback,102.25,97.46,99,103.91,112.75,—,C,54,54.7,neutral,mixed,-0.22,32.3,-4.68,0.37,-4.68,268.8,"immediate_reversal+weak_structure,no_historical_analogue,scanner_outage_corrupted","weak_structure,no_history,funding_elevated",infrastructure_failure
NEARUSDT,2026-09-14 15:50,2026-09-14 15:57,2026-09-25 20:45,long,ema_pullback,2.3875,5.116,2.276,2.435,2.727,—,B,57,54.6,neutral,mixed,-0.27,49.0,114.28,114.28,0.40,268.8,"closed_at_tp2+weak_structure,no_historical_analogue,scanner_outage_corrupted","weak_structure,no_history,negative_cmf",infrastructure_failure
SUIUSDT,2026-09-14 15:38,2026-09-14 15:50,2026-09-14 16:48,short,ema_pullback,0.725,0.7319,0.731,0.705,0.692,—,B,61,54.7,neutral,mixed,-1.00,32.3,-0.95,0.18,-0.95,1.0,"immediate_reversal+rsi_chop_zone,weak_structure,no_historical_analogue,short_direction","rsi_chop_30_49,weak_structure,no_history,risk_penalty_applied",bad_structure_call
XRPUSDT,2026-09-14 14:44,2026-09-14 14:57,2026-09-14 18:32,long,breakout_chase,1.392,1.4561,1.3312,1.4094,1.4502,—,B,63,58.8,neutral,mixed,-0.34,44.4,4.61,4.61,0.37,3.6,closed_at_tp2+weak_structure,weak_structure,perfect_trade
SOLUSDT,2026-09-14 14:44,2026-09-14 14:57,2026-09-25 20:45,long,ema_pullback,101.25,122.51,98.92,102.31,105.77,—,B,57,54.4,neutral,mixed,-0.25,32.5,21.00,21.00,0.25,269.8,"closed_at_tp2+weak_structure,scanner_outage_corrupted","weak_structure,negative_cmf",infrastructure_failure
1000PEPEUSDT,2026-09-13 11:00,2026-09-13 11:06,2026-09-25 20:45,long,ema_pullback,0.0033925,0.0044924,0.0032,0.003485,0.0037666,—,B,56,53.3,neutral,mixed,-0.21,40.7,32.42,32.42,-1.42,297.7,"closed_at_tp2+rsi_chop_zone,weak_structure,no_historical_analogue,scanner_outage_corrupted","rsi_chop_30_49,weak_structure,no_history,negative_cmf",infrastructure_failure
CLUSDT,2026-09-13 10:54,2026-09-13 11:00,2026-09-25 20:45,long,ema_pullback,96.35,92.44,94.6,100.9,106.98,—,B,63,53.2,neutral,mixed,0.91,42.0,-4.06,4.24,-4.06,297.8,"some_favorable_move_then_stopped+weak_structure,no_historical_analogue,scanner_outage_corrupted","weak_structure,no_history",infrastructure_failure
FLOCKUSDT,2026-09-13 10:47,2026-09-13 14:00,2026-09-13 17:49,long,breakout_chase,0.07915,0.07489,0.07602,0.08205,0.08619,—,B,60,56.0,neutral,mixed,0.02,35.3,-5.38,2.73,-5.38,3.8,"some_favorable_move_then_stopped+weak_structure,no_historical_analogue","weak_structure,no_history,negative_cmf,risk_penalty_applied",bad_structure_call
DOGEUSDT,2026-09-13 06:29,2026-09-14 09:53,2026-09-25 20:45,short,ema_pullback,0.084945,0.09837,0.08545,0.08454,0.08216,—,B,59,55.9,neutral,mixed,-1.00,29.8,-15.80,2.10,-15.80,274.9,"reached_tp1_then_stopped+rsi_chop_zone,weak_structure,no_historical_analogue,short_direction,scanner_outage_corrupted","rsi_chop_30_49,weak_structure,no_history",infrastructure_failure
XAUUSDT,2026-09-13 04:24,2026-09-13 04:49,2026-09-14 09:25,short,fvg_continuation,4359.75,4292.87,4390,4325,4295,—,B,55,60.5,good,mixed,-0.31,40.7,1.53,1.53,-0.03,28.6,"closed_at_tp2+rsi_chop_zone,no_historical_analogue,short_direction","rsi_chop_30_49,no_history,negative_cmf,mfi_over_80",perfect_trade
USELESSUSDT,2026-09-13 03:42,2026-09-13 03:48,2026-09-13 07:16,long,ema_pullback,0.2343,0.22327,0.2235,0.2448,0.2559,0.274,B,58,57.5,neutral,mixed,0.20,35.3,-4.71,-0.01,-4.71,3.5,"immediate_reversal+weak_structure,no_historical_analogue","weak_structure,no_history,risk_penalty_applied",bad_structure_call
PUMPUSDT,2026-09-13 03:12,2026-09-13 03:18,2026-09-13 08:33,long,ema_pullback,0.003775,0.003694,0.0037,0.003913,0.003967,—,B,56,53.3,neutral,mixed,0.72,40.7,-2.15,1.80,-2.15,5.3,"some_favorable_move_then_stopped+rsi_chop_zone,weak_structure,no_historical_analogue","rsi_chop_30_49,weak_structure,no_history,negative_cmf",bad_structure_call
ETHUSDT,2026-09-13 02:42,2026-09-13 02:48,2026-09-13 09:31,long,ema_pullback,2518.8,2482.04,2487,2546.11,2567.24,2666,B,55,54.2,neutral,mixed,0.13,25.9,-1.46,0.15,-1.46,6.7,immediate_reversal+weak_structure,weak_structure,bad_structure_call
XAGUSDT,2026-09-13 00:24,2026-09-13 00:30,2026-09-14 09:19,short,fvg_continuation,64.6,62.71,64.75,64,63.03,—,C,51,56.2,excellent,mixed,1.86,37.5,2.93,2.93,-0.01,32.8,"closed_at_tp2+rsi_chop_zone,no_historical_analogue,short_direction","rsi_chop_30_49,no_history,negative_cmf",perfect_trade
WLDUSDT,2026-09-12 16:08,2026-09-12 16:14,2026-09-25 20:45,short,fvg_continuation,0.40625,0.4826,0.4165,0.398,0.387,0.378,B,61,58.2,good,mixed,-0.41,40.7,-18.79,4.89,-18.79,316.5,"hit_tp2_then_reversed+rsi_chop_zone,no_historical_analogue,short_direction,scanner_outage_corrupted","rsi_chop_30_49,no_history,negative_cmf",infrastructure_failure
LABUSDT,2026-09-12 15:39,2026-09-12 15:50,2026-09-12 15:56,long,trend_continuation_other,0.073,0.06763,0.0695,0.0745,0.078,—,C,48,55.0,neutral,mixed,-0.09,35.3,-7.36,0.62,-7.36,0.1,"immediate_reversal+weak_structure,no_historical_analogue","weak_structure,no_history,negative_cmf,risk_penalty_applied",bad_structure_call
SKHYUSDT,2026-09-12 15:33,2026-09-12 15:39,2026-09-13 08:28,long,ema_pullback,190.2,184.64,185,194,197,199.6,B+,68,58.6,neutral,mixed,0.11,42.0,-2.92,0.15,-2.92,16.8,"immediate_reversal+weak_structure,no_historical_analogue","weak_structure,no_history",bad_structure_call
SKHYNIXUSDT,2026-09-12 15:21,2026-09-12 15:27,2026-09-12 19:38,long,ema_pullback,1365.25,1334.08,1360.5,1374.4,1396,1418,B+,66,56.7,neutral,mixed,0.87,37.5,-2.28,0.25,-2.28,4.2,"immediate_reversal+weak_structure,no_historical_analogue","weak_structure,no_history",bad_structure_call
CRCLUSDT,2026-09-12 14:23,2026-09-12 14:29,2026-09-14 12:34,short,fvg_continuation,91.75,92.66,92.6,90.76,89.24,—,C,54,59.2,good,mixed,-0.30,45.2,-0.99,1.50,-0.99,46.1,"reached_tp1_then_stopped+rsi_chop_zone,no_historical_analogue,short_direction","rsi_chop_30_49,no_history,negative_cmf",good_entry_bad_exit
RIVERUSDT,2026-09-12 13:13,2026-09-12 13:19,2026-09-12 18:34,long,trend_continuation_other,1.27,1.509,1.19,1.35,1.457,—,C,50,57.5,neutral,mixed,0.28,44.4,18.82,18.82,-0.71,5.2,"closed_at_tp2+weak_structure,no_historical_analogue","weak_structure,no_history,risk_penalty_applied",perfect_trade
SPCXUSDT,2026-09-12 12:03,2026-09-12 12:09,2026-09-14 01:15,long,fvg_continuation,150.1,148.2,148.6,151.78,154.77,—,B,61,58.5,excellent,mixed,0.70,34.9,-1.27,0.11,-1.27,37.1,immediate_reversal+no_historical_analogue,"no_history,negative_cmf",bad_structure_call
SOLUSDT,2026-09-06 07:06,2026-09-06 07:07,2026-09-12 06:56,long,fvg_continuation,104.8,101.68,102.6,107,109.5,113.6,B+,73,72.2,excellent,risk_on,—,32.5,-2.98,0.54,-2.98,143.8,immediate_reversal+scanner_outage_corrupted,—,infrastructure_failure
LINKUSDT,2026-09-06 07:06,2026-09-06 07:07,2026-09-12 06:56,long,fvg_continuation,12.185,11.516,11.85,12.58,13,—,B+,72,68.3,excellent,risk_on,—,45.2,-5.49,0.69,-5.49,143.8,"immediate_reversal+no_historical_analogue,scanner_outage_corrupted",no_history,infrastructure_failure
FILUSDT,2026-09-06 06:53,2026-09-06 07:06,2026-09-13 14:56,long,fvg_continuation,0.8021,0.9216,0.7852,0.8399,0.8672,—,B+,69,69.2,excellent,risk_on,—,44.4,14.90,14.90,-0.37,175.8,closed_at_tp2+no_historical_analogue,"no_history,negative_cmf",perfect_trade
SKHYUSDT,2026-08-29 03:31,2026-08-29 03:38,2026-09-03 05:21,long,ema_pullback,161.6,159.06,160.3,163.5,166.71,—,B,62,59.5,neutral,mixed,—,42.0,-1.57,2.28,-1.57,121.7,"reached_tp1_then_stopped+weak_structure,no_historical_analogue","weak_structure,no_history",good_entry_bad_exit
HEMIUSDT,2026-08-29 03:31,2026-08-29 06:47,2026-08-29 07:03,long,trend_continuation_other,0.01165,0.010646,0.0109,0.01312,0.013949,0.016,B,64,59.0,neutral,mixed,—,35.3,-8.62,0.57,-8.62,0.3,"immediate_reversal+weak_structure,no_historical_analogue","weak_structure,no_history,risk_penalty_applied",bad_structure_call
ENAUSDT,2026-08-29 03:31,2026-08-29 03:38,2026-08-29 08:16,long,trend_continuation_other,0.163,0.15631,0.157,0.16471,0.17444,0.18375,B,59,58.0,neutral,mixed,—,35.3,-4.10,1.47,-4.10,4.6,"reached_tp1_then_stopped+weak_structure,no_historical_analogue","weak_structure,no_history,risk_penalty_applied",good_entry_bad_exit
SOXSUSDT,2026-08-29 03:31,2026-08-29 03:38,2026-09-02 20:20,long,trend_continuation_other,49.3,53,47.8,49.81,50.23,52.85,B,60,57.0,neutral,mixed,—,49.0,7.50,7.50,0.12,112.7,"ran_to_tp3+weak_structure,no_historical_analogue","weak_structure,no_history",perfect_trade
SNXXUSDT,2026-08-29 03:00,2026-08-29 03:07,2026-09-02 18:59,short,ema_pullback,12.9,13.94,13.45,12.2,12.02,11.65,B,64,61.2,neutral,mixed,—,32.3,-8.06,0.62,-8.06,111.9,"immediate_reversal+rsi_chop_zone,weak_structure,no_historical_analogue,short_direction,scanner_outage_corrupted","rsi_chop_30_49,weak_structure,no_history",infrastructure_failure
SNDKUSDT,2026-08-29 03:00,2026-08-29 03:07,2026-09-02 18:59,short,ema_pullback,1485,1548.9,1517,1477,1436,1419.66,B,59,56.0,neutral,mixed,—,37.5,-4.30,0.10,-4.30,111.9,"immediate_reversal+rsi_chop_zone,weak_structure,no_historical_analogue,short_direction,scanner_outage_corrupted","rsi_chop_30_49,weak_structure,no_history",infrastructure_failure
CLUSDT,2026-08-29 03:00,2026-08-29 03:07,2026-09-02 18:59,long,ema_pullback,83.15,90.82,82.2,83.63,84.41,—,B,58,55.4,neutral,mixed,—,42.0,9.22,9.22,-0.20,111.9,"closed_at_tp2+weak_structure,no_historical_analogue,scanner_outage_corrupted","weak_structure,no_history",infrastructure_failure
ZECUSDT,2026-08-29 01:50,2026-08-29 01:57,2026-09-06 06:22,long,ema_pullback,802,1166.44,775,817.22,889.99,—,B+,65,54.9,neutral,mixed,—,42.0,45.44,45.44,-1.45,196.4,"closed_at_tp2+weak_structure,no_historical_analogue,scanner_outage_corrupted","weak_structure,no_history",infrastructure_failure
TRUMPUSDT,2026-08-29 00:06,2026-08-29 00:34,2026-09-02 18:59,long,trend_continuation_other,2.75,2.174,2.505,2.892,3.1,—,C,47,54.8,neutral,mixed,—,35.3,-20.95,10.98,-20.95,114.4,"reached_tp1_then_stopped+weak_structure,no_historical_analogue,scanner_outage_corrupted","weak_structure,no_history,negative_cmf,risk_penalty_applied",infrastructure_failure
MOVRUSDT,2026-08-28 19:42,2026-08-28 20:11,2026-08-28 20:41,long,trend_continuation_other,0.9115,0.7656,0.845,0.975,1.038,1.138,B,59,58.0,neutral,mixed,—,32.3,-16.01,0.23,-16.01,0.5,"immediate_reversal+weak_structure,no_historical_analogue","weak_structure,no_history,risk_penalty_applied",bad_structure_call
BNBUSDT,2026-08-28 18:03,2026-08-28 18:07,2026-08-28 18:40,long,fvg_continuation,694.55,686.61,686.9,707.78,719.14,—,B+,71,59.0,good,mixed,—,37.5,-1.14,-0.17,-1.14,0.6,immediate_reversal+rsi_chop_zone,"rsi_chop_30_49,risk_penalty_applied",bad_structure_call
MOVRUSDT,2026-08-28 15:58,2026-08-28 16:05,2026-08-28 16:29,long,trend_continuation_other,0.9085,0.8819,0.8935,0.975,1.023,1.138,B,61,63.0,neutral,risk_on,—,32.3,-2.93,-0.11,-2.93,0.4,"immediate_reversal+weak_structure,no_historical_analogue","weak_structure,no_history,risk_penalty_applied",bad_structure_call
SPCXUSDT,2026-08-28 15:51,2026-08-28 15:58,2026-09-03 13:47,long,ema_pullback,140.1,146.76,138.4,141.96,143.5,146.1,B+,65,64.8,neutral,risk_on,—,34.9,4.75,4.75,-1.12,141.8,"ran_to_tp3+weak_structure,no_historical_analogue","weak_structure,no_history",perfect_trade
MSTRUSDT,2026-08-28 15:51,2026-08-28 15:58,2026-09-02 18:59,long,fvg_continuation,129,122.62,126.5,136.17,140.85,143.19,B+,65,61.5,good,risk_on,—,29.8,-4.95,-0.32,-4.95,123.0,"immediate_reversal+no_historical_analogue,scanner_outage_corrupted","no_history,risk_penalty_applied",infrastructure_failure
MSTRUSDT,2026-08-28 15:21,2026-08-28 15:28,2026-08-28 15:51,long,fvg_continuation,133.7,129.1,129.5,137.17,141.1,143.19,B+,65,65.6,good,risk_on,—,29.8,-3.44,-0.75,-3.44,0.4,immediate_reversal+no_historical_analogue,no_history,bad_structure_call
ETHUSDT,2026-08-28 15:03,2026-08-28 15:10,2026-08-28 15:58,long,ema_pullback,2502,2475.25,2478,2535,2570,2620,A,76,70.1,neutral,risk_on,—,25.9,-1.07,0.20,-1.07,0.8,immediate_reversal+weak_structure,weak_structure,bad_structure_call
SUIUSDT,2026-08-28 14:57,2026-08-28 15:03,2026-09-12 06:56,long,ema_pullback,0.76925,0.7233,0.7241,0.8013,0.9555,—,B,63,62.9,neutral,risk_on,—,32.3,-5.97,3.59,-5.97,351.9,"some_favorable_move_then_stopped+rsi_chop_zone,weak_structure,no_historical_analogue,scanner_outage_corrupted","rsi_chop_30_49,weak_structure,no_history,negative_cmf",infrastructure_failure
XAGUSDT,2026-08-28 14:51,2026-08-28 15:15,2026-08-28 16:22,long,ema_pullback,69.4,66.76,67.4,71.01,71.23,—,B,61,61.1,neutral,risk_on,—,37.5,-3.80,0.06,-3.80,1.1,"immediate_reversal+weak_structure,no_historical_analogue","weak_structure,no_history",bad_structure_call
SOLUSDT,2026-08-28 14:04,2026-08-28 14:10,2026-09-02 18:59,long,fvg_continuation,104.4,99.42,100.9,106.8,110,113,B+,73,65.8,good,risk_on,—,32.5,-4.77,2.73,-4.77,124.8,reached_tp1_then_stopped+scanner_outage_corrupted,—,infrastructure_failure
MSTRUSDT,2026-08-28 13:34,2026-08-28 13:40,2026-08-28 14:10,long,fvg_continuation,134.74,132.35,132.4,136.55,137.17,141.1,B+,71,70.8,good,risk_on,—,29.8,-1.77,0.28,-1.77,0.5,immediate_reversal+no_historical_analogue,no_history,bad_structure_call
MUUSDT,2026-08-21 10:23,2026-08-21 10:34,2026-08-28 12:24,long,trend_continuation_other,977.35,921.1,963.73,987.97,1021.79,1036,B+,66,65.8,neutral,risk_on,—,40.7,-5.75,0.40,-5.75,169.8,"immediate_reversal+weak_structure,no_historical_analogue,scanner_outage_corrupted","weak_structure,no_history",infrastructure_failure
DRAMUSDT,2026-08-21 08:59,2026-08-21 09:05,2026-08-28 12:24,long,trend_continuation_other,58.425,55.92,57.35,59.37,60.81,62.09,B,63,62.7,neutral,risk_on,—,34.9,-4.29,0.62,-4.29,171.3,"immediate_reversal+weak_structure,no_historical_analogue,scanner_outage_corrupted","weak_structure,no_history,negative_cmf",infrastructure_failure
SAMSUNGUSDT,2026-08-21 08:13,2026-08-21 08:25,2026-08-28 12:24,long,trend_continuation_other,196.75,187.77,191,203.4,206,211.5,B+,68,66.0,neutral,risk_on,—,45.2,-4.56,0.49,-4.56,172.0,"immediate_reversal+weak_structure,no_historical_analogue,scanner_outage_corrupted","weak_structure,no_history,liquidity_stress",infrastructure_failure
LINKUSDT,2026-08-16 12:03,2026-08-16 12:09,2026-08-21 07:40,long,trend_continuation_other,9.34,11.647,9.18,9.507,9.63,—,B,64,61.0,neutral,mixed,—,45.2,24.70,24.70,-0.12,115.5,"closed_at_tp2+weak_structure,no_historical_analogue,scanner_outage_corrupted","weak_structure,no_history",infrastructure_failure
CLUSDT,2026-08-16 09:45,2026-08-16 09:51,2026-08-21 07:40,long,ema_pullback,81.225,86.38,80.8,81.56,82,84.04,B,62,52.6,neutral,mixed,—,42.0,6.35,6.35,0.04,117.8,"ran_to_tp3+weak_structure,no_historical_analogue,scanner_outage_corrupted","weak_structure,no_history",infrastructure_failure
ZECUSDT,2026-08-16 09:27,2026-08-16 09:34,2026-08-21 07:40,short,ema_pullback,488.5,629.21,494.5,483.45,480.27,466.28,B,59,56.5,neutral,mixed,—,42.0,-28.80,0.76,-28.80,118.1,"immediate_reversal+rsi_chop_zone,weak_structure,no_historical_analogue,short_direction,scanner_outage_corrupted","rsi_chop_30_49,weak_structure,no_history,negative_cmf",infrastructure_failure
ALLOUSDT,2026-08-16 08:42,2026-08-16 10:31,2026-08-16 11:06,short,trend_continuation_other,0.268,0.27539,0.274,0.2616,0.2535,0.244,B,63,56.7,neutral,mixed,—,35.3,-2.76,0.55,-2.76,0.6,"immediate_reversal+rsi_chop_zone,weak_structure,no_historical_analogue,short_direction,scanner_outage_corrupted","rsi_chop_30_49,weak_structure,no_history,negative_cmf",infrastructure_failure
HYPEUSDT,2026-08-16 08:07,2026-08-16 09:45,2026-08-21 07:40,long,fvg_continuation,57.145,73.76,56.55,57.85,58.45,59.1,B+,65,62.4,excellent,mixed,—,42.0,29.07,29.07,0.12,117.9,"ran_to_tp3+no_historical_analogue,scanner_outage_corrupted","no_history,negative_cmf",infrastructure_failure
ETHUSDT,2026-08-16 07:44,2026-08-16 07:55,2026-08-21 07:40,short,ema_pullback,1880.25,2381.77,1890.6,1876,1852.22,—,B,56,61.2,neutral,mixed,—,25.9,-26.67,0.11,-26.67,119.7,"immediate_reversal+rsi_chop_zone,weak_structure,short_direction,scanner_outage_corrupted","rsi_chop_30_49,weak_structure",infrastructure_failure
SPORTFUNUSDT,2026-08-16 03:29,2026-08-16 03:40,2026-08-16 06:42,long,trend_continuation_other,0.0258,0.02422,0.02422,0.02975,0.03598,—,B,59,58.9,neutral,mixed,—,35.3,-6.12,0.78,-6.12,3.0,"immediate_reversal+weak_structure,no_historical_analogue","weak_structure,no_history,negative_cmf,risk_penalty_applied",bad_structure_call
WLDUSDT,2026-08-15 21:29,2026-08-15 21:35,2026-08-21 07:40,long,fvg_continuation,0.34795,0.3768,0.339,0.3547,0.3629,0.372,B+,67,64.9,excellent,mixed,—,40.7,8.29,8.29,-1.48,130.1,"ran_to_tp3+no_historical_analogue,scanner_outage_corrupted","no_history,negative_cmf",infrastructure_failure
PUMPUSDT,2026-08-15 17:42,2026-08-15 20:20,2026-08-21 07:40,long,fvg_continuation,0.002807,0.003912,0.002681,0.002946,0.002987,—,B+,71,61.3,excellent,mixed,—,40.7,39.37,39.37,-3.46,131.3,"closed_at_tp2+no_historical_analogue,scanner_outage_corrupted",no_history,infrastructure_failure
SKHYNIXUSDT,2026-08-15 17:07,2026-08-16 13:01,2026-08-21 07:40,long,fvg_continuation,1171.17,1253.92,1157.05,1209,1221.99,—,B+,65,56.0,excellent,mixed,—,37.5,7.07,7.07,0.17,114.6,"closed_at_tp2+no_historical_analogue,scanner_outage_corrupted","no_history,negative_cmf",infrastructure_failure
DOGEUSDT,2026-08-15 16:26,2026-08-15 17:07,2026-08-21 07:40,short,ema_pullback,0.07015,0.0844,0.0711,0.0688,0.0677,—,C,53,58.6,neutral,mixed,—,29.8,-20.31,0.95,-20.31,134.5,"immediate_reversal+rsi_chop_zone,weak_structure,no_historical_analogue,short_direction,scanner_outage_corrupted","rsi_chop_30_49,weak_structure,no_history,negative_cmf",infrastructure_failure
BNBUSDT,2026-08-14 00:44,2026-08-14 00:50,2026-08-14 11:14,long,fvg_continuation,610.5,604.36,604.7,615.2,620.9,—,B+,69,60.4,excellent,mixed,—,37.5,-1.01,0.37,-1.01,10.4,immediate_reversal,—,bad_structure_call
SAMSUNGUSDT,2026-08-14 00:44,2026-08-14 02:12,2026-08-21 07:40,long,trend_continuation_other,191.5,203.79,182.5,195.25,199.6,—,B+,66,60.0,neutral,mixed,—,45.2,6.42,6.42,-0.95,173.5,"closed_at_tp2+weak_structure,no_historical_analogue,scanner_outage_corrupted","weak_structure,no_history,mfi_over_80",infrastructure_failure
APRUSDT,2026-08-14 00:33,2026-08-14 00:44,2026-08-14 12:29,long,trend_continuation_other,0.457,0.544,0.401,0.4877,0.5278,0.5393,B,64,63.0,neutral,mixed,—,44.4,19.04,19.04,-4.33,11.8,"ran_to_tp3+weak_structure,no_historical_analogue,scanner_outage_corrupted","weak_structure,no_history,risk_penalty_applied",infrastructure_failure
SPCXUSDT,2026-08-13 19:27,2026-08-13 19:33,2026-08-15 14:00,long,fvg_continuation,143.55,139.58,139.6,148.6,152,—,B+,66,63.6,good,mixed,—,34.9,-2.77,0.81,-2.77,42.4,immediate_reversal+no_historical_analogue,no_history,bad_structure_call
LINKUSDT,2026-08-13 17:20,2026-08-14 08:24,2026-08-15 13:13,long,ema_pullback,8.705,9.459,8.58,8.865,8.982,9.038,B+,67,57.5,neutral,mixed,—,45.2,8.66,8.66,0.31,28.8,"ran_to_tp3+weak_structure,no_historical_analogue,scanner_outage_corrupted","weak_structure,no_history",infrastructure_failure
BTWUSDT,2026-08-13 15:48,2026-08-13 15:54,2026-08-15 18:35,long,fvg_continuation,0.2615,0.31647,0.235,0.2692,0.285,0.31,B,60,57.3,excellent,mixed,—,49.0,21.02,21.02,0.10,50.7,"ran_to_tp3+no_historical_analogue,scanner_outage_corrupted","no_history,risk_penalty_applied,funding_elevated",infrastructure_failure
ETHUSDT,2026-08-13 15:42,2026-08-13 15:48,2026-08-13 16:40,long,ema_pullback,1888,1868.99,1873,1899.6,1911.5,1943,B+,65,65.0,neutral,mixed,—,25.9,-1.01,-0.00,-1.01,0.9,"immediate_reversal+rsi_chop_zone,weak_structure","rsi_chop_30_49,weak_structure,negative_cmf",bad_structure_call
MUUSDT,2026-08-13 13:29,2026-08-13 13:35,2026-08-13 13:47,long,trend_continuation_other,911.25,934.3,901.5,916.1,929,—,B,64,61.2,neutral,mixed,—,40.7,2.53,2.53,0.26,0.2,"closed_at_tp2+weak_structure,no_historical_analogue","weak_structure,no_history",perfect_trade
SAMSUNGUSDT,2026-08-13 13:10,2026-08-13 13:16,2026-08-13 15:24,long,trend_continuation_other,185.75,195.86,183.3,191.23,195.7,—,B+,66,59.4,neutral,mixed,—,45.2,5.44,5.44,0.20,2.1,"closed_at_tp2+weak_structure,no_historical_analogue","weak_structure,no_history,mfi_over_80",perfect_trade
SOXSUSDT,2026-08-13 12:52,2026-08-13 12:58,2026-08-13 13:04,short,fvg_continuation,41.15,40.86,41.95,39.88,41.82,—,B+,69,60.1,good,mixed,—,49.0,0.70,0.70,0.24,0.1,"closed_at_tp2+rsi_chop_zone,no_historical_analogue,short_direction","rsi_chop_30_49,no_history",perfect_trade
EWYUSDT,2026-08-13 12:03,2026-08-13 12:10,2026-08-13 14:36,long,trend_continuation_other,174.6,179.2,172.5,177.9,178.7,—,B,64,61.4,neutral,mixed,—,40.7,2.63,2.63,-0.18,2.4,"closed_at_tp2+weak_structure,no_historical_analogue","weak_structure,no_history,mfi_over_80",perfect_trade
DRAMUSDT,2026-08-13 11:27,2026-08-13 11:33,2026-08-13 14:24,long,fvg_continuation,54.35,55.89,53.6,55.05,55.86,—,B,64,61.5,good,mixed,—,34.9,2.83,2.83,-0.33,2.9,closed_at_tp2+no_historical_analogue,"no_history,mfi_over_80",perfect_trade
NVDAUSDT,2026-08-13 11:27,2026-08-13 15:36,2026-08-28 12:24,long,ema_pullback,223.85,227.39,221.2,225.24,226.48,—,B,62,59.6,neutral,mixed,—,49.0,1.58,1.58,0.15,356.8,"closed_at_tp2+weak_structure,no_historical_analogue,scanner_outage_corrupted","weak_structure,no_history,negative_cmf,mfi_over_80",infrastructure_failure
SKHYUSDT,2026-08-13 09:21,2026-08-13 09:27,2026-08-13 14:48,long,fvg_continuation,150.8,163.91,144.3,154.06,157.06,163.87,B,64,62.0,good,mixed,—,42.0,8.69,8.69,0.38,5.3,ran_to_tp3+no_historical_analogue,"no_history,mfi_over_80",perfect_trade
CYSUSDT,2026-08-13 08:01,2026-08-13 08:07,2026-08-13 09:21,long,fvg_continuation,1.465,1.3759,1.38,1.5923,1.6995,1.7787,B,63,63.0,good,mixed,—,40.7,-6.08,0.74,-6.08,1.2,immediate_reversal+no_historical_analogue,"no_history,risk_penalty_applied",bad_structure_call
XAUUSDT,2026-08-13 05:13,2026-08-13 05:34,2026-08-13 06:37,long,ema_pullback,4400.5,4374.88,4380,4436,4456.65,4490,B+,68,59.0,neutral,mixed,—,40.7,-0.58,0.05,-0.58,1.1,"immediate_reversal+weak_structure,no_historical_analogue","weak_structure,no_history",bad_structure_call
PAXGUSDT,2026-08-13 05:13,2026-08-13 05:34,2026-08-13 06:37,long,ema_pullback,4390.5,4364.53,4368,4425,4440.7,4479,B+,68,59.0,neutral,mixed,—,40.7,-0.59,0.06,-0.59,1.1,"immediate_reversal+weak_structure,no_historical_analogue","weak_structure,no_history",bad_structure_call
BTWUSDT,2026-08-13 04:55,2026-08-13 05:13,2026-08-13 15:18,long,bos_pullback,0.23761,0.26966,0.214,0.25517,0.26918,—,B,61,57.9,good,mixed,—,49.0,13.49,13.49,-3.51,10.1,closed_at_tp2+no_historical_analogue,"no_history,risk_penalty_applied,funding_elevated",good_trade
XAGUSDT,2026-08-12 19:17,2026-08-12 19:23,2026-08-13 19:15,long,ema_pullback,65.35,64.34,64.35,66.59,67.04,68.5,B+,68,59.0,good,mixed,—,37.5,-1.55,1.42,-1.55,23.9,some_favorable_move_then_stopped+no_historical_analogue,no_history,bad_structure_call
CRCLUSDT,2026-08-12 14:50,2026-08-12 14:55,2026-08-13 19:04,long,ema_pullback,69.8,73.78,68.4,71.5,72.4,—,C,54,59.3,neutral,mixed,—,45.2,5.70,5.70,-0.43,28.1,"closed_at_tp2+weak_structure,no_historical_analogue","weak_structure,no_history",perfect_trade
LITEUSDT,2026-08-12 13:17,2026-08-12 13:29,2026-08-12 13:40,long,bos_pullback,892.5,846.79,855,930,955,—,B+,73,70.1,excellent,mixed,—,35.3,-5.12,0.84,-5.12,0.2,"immediate_reversal+no_historical_analogue,scanner_outage_corrupted",no_history,infrastructure_failure
CLUSDT,2026-08-12 11:49,2026-08-12 11:55,2026-08-13 08:38,long,trend_continuation_other,82.55,80.92,81,84,85,86.5,B,62,59.8,neutral,mixed,—,42.0,-1.98,0.28,-1.98,20.7,"immediate_reversal+weak_structure,no_historical_analogue","weak_structure,no_history",bad_structure_call
HOLOUSDT,2026-08-12 10:15,2026-08-12 10:21,2026-08-12 18:28,long,bos_pullback,0.07725,0.07171,0.074,0.0825,0.0865,0.09,B,64,63.5,good,mixed,—,35.3,-7.17,0.63,-7.17,8.1,"immediate_reversal+no_historical_analogue,scanner_outage_corrupted","no_history,negative_cmf,risk_penalty_applied",infrastructure_failure
DOGEUSDT,2026-08-12 08:37,2026-08-12 08:43,2026-08-12 21:31,long,ema_pullback,0.0714,0.0696,0.06975,0.0735,0.07485,0.0762,B,56,61.6,good,mixed,—,29.8,-2.52,1.06,-2.52,12.8,some_favorable_move_then_stopped+no_historical_analogue,no_history,bad_structure_call
VELVETUSDT,2026-08-12 08:02,2026-08-12 08:08,2026-08-12 18:28,long,bos_pullback,0.5505,0.7007,0.505,0.595,0.628,0.679,B,63,62.7,good,mixed,—,44.4,27.28,27.28,-0.45,10.3,"ran_to_tp3+no_historical_analogue,scanner_outage_corrupted","no_history,risk_penalty_applied",infrastructure_failure
NEARUSDT,2026-08-12 07:56,2026-08-12 08:02,2026-08-21 07:40,long,bos_pullback,1.6425,1.862,1.595,1.69,1.72,1.76,B,61,58.3,excellent,mixed,—,49.0,13.36,13.36,-1.80,215.6,"ran_to_tp3+no_historical_analogue,scanner_outage_corrupted","no_history,negative_cmf",infrastructure_failure
BZUSDT,2026-08-12 07:31,2026-08-12 07:37,2026-08-13 08:38,long,trend_continuation_other,87.6,85.83,85.9,89.5,91,92.9,B+,65,60.3,neutral,mixed,—,32.3,-2.02,0.60,-2.02,25.0,"immediate_reversal+weak_structure,no_historical_analogue","weak_structure,no_history,funding_elevated",bad_structure_call
SKHYUSDT,2026-08-12 05:26,2026-08-12 05:44,2026-08-12 13:52,long,breakout_chase,143.9,152,139.5,148.5,152,—,B,63,60.7,excellent,mixed,—,42.0,5.63,5.63,0.51,8.1,closed_at_tp2+no_historical_analogue,no_history,perfect_trade
HYPEUSDT,2026-08-11 19:18,2026-08-11 19:24,2026-08-12 11:20,short,ema_pullback,54.3,55.689,55.65,52.6,51.4,49.4,B,64,54.6,excellent,mixed,—,42.0,-2.56,0.34,-2.56,15.9,"immediate_reversal+rsi_chop_zone,no_historical_analogue,short_direction","rsi_chop_30_49,no_history",bad_structure_call
SOLUSDT,2026-08-11 19:11,2026-08-11 19:18,2026-08-12 09:29,short,ema_pullback,75.15,76.68,76.55,73.9,72.6,71,B+,65,54.9,excellent,mixed,—,32.5,-2.04,0.01,-2.04,14.2,"immediate_reversal+rsi_chop_zone,short_direction",rsi_chop_30_49,bad_structure_call
SNDKUSDT,2026-08-11 18:14,2026-08-11 18:32,2026-08-12 12:54,long,bos_pullback,1263,1342.1,1233.5,1290,1315,1340,B,62,59.6,excellent,mixed,—,37.5,6.26,6.26,0.19,18.4,ran_to_tp3+no_historical_analogue,no_history,perfect_trade
SNXXUSDT,2026-08-11 17:09,2026-08-11 17:15,2026-08-12 05:26,short,bos_pullback,9.825,10.37,10.35,9.35,8.85,8.35,B,55,54.5,good,mixed,—,32.3,-5.55,0.46,-5.55,12.2,"immediate_reversal+no_historical_analogue,short_direction,scanner_outage_corrupted","no_history,risk_penalty_applied",infrastructure_failure
RKLBUSDT,2026-08-11 16:57,2026-08-11 17:03,2026-08-11 18:49,short,bos_pullback,78.1,—,80.15,75.8,73.5,71.5,B+,68,58.9,good,mixed,—,35.3,-2.66,0.41,-2.66,1.8,"immediate_reversal+rsi_chop_zone,no_historical_analogue,short_direction","rsi_chop_30_49,no_history",bad_structure_call
DRAMUSDT,2026-08-11 15:46,2026-08-11 15:52,2026-08-12 05:26,short,ema_pullback,50.875,52.58,51.75,49.8,48.6,—,B,59,56.0,neutral,mixed,—,34.9,-3.35,0.85,-3.35,13.6,"immediate_reversal+weak_structure,no_historical_analogue,short_direction,scanner_outage_corrupted","weak_structure,no_history",infrastructure_failure
HYPEUSDT,2026-08-11 13:11,2026-08-11 13:17,2026-08-11 15:35,long,ema_pullback,55.05,—,54.25,55.75,56.4,57.1,B,57,54.2,neutral,mixed,—,42.0,-1.64,-0.00,-1.64,2.3,"immediate_reversal+weak_structure,no_historical_analogue","weak_structure,no_history",bad_structure_call
SKHYNIXUSDT,2026-08-11 09:49,2026-08-11 09:55,2026-08-12 05:26,short,ema_pullback,1008.5,1058.89,1037.5,991.7,964,—,B,55,60.4,neutral,mixed,—,37.5,-5.00,0.09,-5.00,19.5,"immediate_reversal+rsi_chop_zone,weak_structure,no_historical_analogue,short_direction,scanner_outage_corrupted","rsi_chop_30_49,weak_structure,no_history",infrastructure_failure
SOLUSDT,2026-08-10 05:47,2026-08-10 05:50,2026-08-11 15:40,long,ema_pullback,76.5,—,74.9,78.2,79.5,—,C,45,70.4,—,risk_on,—,32.5,-2.21,0.51,-2.21,33.8,immediate_reversal+weak_structure,weak_structure,bad_structure_call
1000PEPEUSDT,2026-08-10 05:47,2026-08-10 05:50,2026-08-13 00:20,long,ema_pullback,0.0029,0.0026833,0.00282,0.00297,0.00305,0.00315,B,64,63.7,—,risk_on,—,40.7,-7.47,0.15,-7.47,66.5,"immediate_reversal+weak_structure,no_historical_analogue","weak_structure,no_history",bad_structure_call
BTCUSDT,2026-08-10 05:47,2026-08-10 05:50,2026-08-11 07:11,long,ema_pullback,65000,—,64350,65650,66300,67200,B+,69,63.4,—,risk_on,—,35.3,-1.61,0.24,-1.61,25.3,"immediate_reversal+weak_structure,scanner_outage_corrupted",weak_structure,infrastructure_failure
ETHUSDT,2026-08-10 05:47,2026-08-10 05:50,2026-08-11 07:11,long,ema_pullback,1918,—,1888,1945,1965,1990,B+,69,63.0,—,risk_on,—,25.9,-2.32,0.27,-2.32,25.3,"immediate_reversal+weak_structure,scanner_outage_corrupted",weak_structure,infrastructure_failure
BICOUSDT,2026-08-09 05:40,2026-08-09 05:46,2026-08-10 05:12,long,bos_pullback,0.07085,—,0.0615,0.0785,0.085,0.095,B+,71,62.0,—,risk_on,—,35.3,-44.42,-0.55,-44.42,23.4,"immediate_reversal+no_historical_analogue,scanner_outage_corrupted","no_history,high_atr_extension,risk_penalty_applied",infrastructure_failure
ACEUSDT,2026-08-09 05:28,2026-08-09 05:34,2026-08-14 09:57,long,bos_pullback,0.128,0.17896,0.1155,0.1425,0.155,0.1645,B+,71,73.0,—,risk_on,—,40.7,39.81,39.81,-0.99,124.4,ran_to_tp3+no_historical_analogue,"no_history,risk_penalty_applied",perfect_trade
BEATUSDT,2026-08-09 05:08,2026-08-09 05:16,2026-08-10 05:12,long,trend_continuation_other,2.875,—,2.63,3.02,3.18,3.4,B,62,63.9,—,risk_on,—,35.3,-9.50,8.56,-9.50,23.9,"reached_tp1_then_stopped+weak_structure,no_historical_analogue,scanner_outage_corrupted","weak_structure,no_history,risk_penalty_applied",infrastructure_failure
QQQUSDT,2026-08-08 10:23,2026-08-08 10:30,2026-08-13 23:06,long,ema_pullback,721.25,733.27,712.5,727,730,—,B+,72,65.5,—,risk_on,—,44.4,1.67,1.67,0.07,132.6,closed_at_tp2+no_historical_analogue,no_history,perfect_trade
PAXGUSDT,2026-08-08 06:38,2026-08-08 06:45,2026-08-11 11:04,long,trend_continuation_other,4329,—,4280,4350,4382,—,B+,71,67.0,—,risk_on,—,40.7,1.36,1.36,0.12,76.3,"closed_at_tp2+weak_structure,no_historical_analogue","weak_structure,no_history,high_atr_extension",perfect_trade
CRCLUSDT,2026-08-08 06:38,2026-08-08 06:45,2026-08-11 13:46,long,trend_continuation_other,66.4,—,64.5,68,69.5,—,C,54,61.5,—,risk_on,—,45.2,5.24,5.24,0.48,79.0,"closed_at_tp2+weak_structure,no_historical_analogue","weak_structure,no_history",perfect_trade
ACEUSDT,2026-08-07 19:47,2026-08-07 19:53,2026-08-08 10:30,long,bos_pullback,0.1145,—,0.1035,0.125,0.136,0.144,B,61,58.0,—,risk_on,—,40.7,-9.66,-0.69,-9.66,14.6,immediate_reversal+no_historical_analogue,"no_history,risk_penalty_applied,liquidity_stress,funding_elevated",bad_structure_call
ZECUSDT,2026-08-07 19:40,2026-08-07 19:47,2026-08-11 07:11,long,trend_continuation_other,511.75,—,498,524,535,—,B+,67,60.1,—,risk_on,—,42.0,-4.36,0.40,-4.36,83.4,"immediate_reversal+weak_structure,no_historical_analogue,scanner_outage_corrupted","weak_structure,no_history",infrastructure_failure
CYSUSDT,2026-08-07 14:34,2026-08-07 14:41,2026-08-07 16:37,long,bos_pullback,0.8175,—,0.735,0.88,0.93,—,—,—,61.0,—,risk_on,—,40.7,19.67,19.67,0.48,1.9,closed_at_tp2+no_historical_analogue,"no_history,risk_penalty_applied",perfect_trade
EWYUSDT,2026-08-05 19:36,2026-08-05 19:42,2026-08-07 14:27,long,trend_continuation_other,170.25,—,165.5,175,178.5,—,—,—,60.8,—,risk_on,—,40.7,-3.65,0.15,-3.65,42.7,"immediate_reversal+weak_structure,no_historical_analogue","weak_structure,no_history",bad_structure_call
SNDKUSDT,2026-08-05 19:36,2026-08-05 19:42,2026-08-07 11:51,long,trend_continuation_other,1387.5,—,1340,1430,1460,—,—,—,60.3,—,risk_on,—,37.5,-7.00,0.01,-7.00,40.1,"immediate_reversal+weak_structure,no_historical_analogue","weak_structure,no_history",bad_structure_call
DRAMUSDT,2026-08-05 19:25,2026-08-05 19:31,2026-08-07 11:51,long,bos_pullback,54.45,—,52.1,56.5,58,—,—,—,63.8,—,risk_on,—,34.9,-5.31,0.39,-5.31,40.3,immediate_reversal+no_historical_analogue,no_history,bad_structure_call
NVDAUSDT,2026-08-05 11:21,2026-08-05 11:25,2026-08-12 21:02,long,trend_continuation_other,214.7,223.53,209.9,219.3,223.5,—,—,—,57.3,—,mixed,—,49.0,4.11,4.11,0.53,177.6,"closed_at_tp2+weak_structure,no_historical_analogue","weak_structure,no_history",perfect_trade
