Symbol,Dir,Created,Entered,Exited,Hold h,Entry,Stop,TP1,TP2,TP3,Conf,Grade,EV(R),Rel*,EQ,Regime,Trend,Mom,Vol,Struct,Fund,Hist,ML prob,Risk flags,Red flags,Failure pattern,Ret%,MFE%,MAE%,Slip%,TP stage,Snaps,Verdict
ADAUSDT,long,2026-09-25 21:16,2026-09-25 21:22,2026-09-26 01:47,4.4,0.25145,0.232,0.2585,0.2623,—,62,B,-0.70,44.5,neutral,risk_on,23.0,15.0,10.0,6.0,10.0,-1.5,0.48,"HIGH_MOMENTUM_WEAK_STRUCTURE,HIGH_SCORE_WEAK_STRUCTURE,LOW_TP1_RR",weak_structure,closed_at_tp2,4.95,4.95,0.54,—,TP2,49,Perfect Trade
SPCXUSDT,long,2026-09-14 19:01,2026-09-14 19:07,2026-09-25 20:45,265.6,150.075,148.6,151.57,152.52,154.77,70,B+,0.29,35.0,excellent,risk_on,19.3,15.0,10.0,11.0,10.0,0.0,—,"NO_HISTORY,NO_ML,CLUSTERED_MARKET_EXPOSURE",no_history,immediate_reversal,-1.02,0.13,-1.02,-0.03,none,9,Scanner Outage
BNBUSDT,long,2026-09-14 19:01,2026-09-14 19:07,2026-09-25 20:45,265.6,725.55,717,729.13,737.4,—,65,B+,-0.82,37.7,neutral,risk_on,18.7,15.0,10.0,6.0,10.0,1.5,0.48,"HIGH_MOMENTUM_WEAK_STRUCTURE,HIGH_SCORE_WEAK_STRUCTURE,LOW_TP1_RR,CLUSTERED_MARKET_EXPOSURE",weak_structure,closed_at_tp2,6.98,6.98,0.07,—,TP2,9,Perfect Trade
UNIUSDT,long,2026-09-14 17:00,2026-09-14 17:06,2026-09-25 20:45,267.7,6.36,6.19,6.57,6.8,—,64,B,0.15,44.5,neutral,mixed,20.0,15.0,10.0,6.0,10.0,0.0,—,"HIGH_MOMENTUM_WEAK_STRUCTURE,HIGH_SCORE_WEAK_STRUCTURE,NO_HISTORY,NO_ML,CLUSTERED_MARKET_EXPOSURE","weak_structure,no_history",closed_at_tp2,52.19,52.19,0.55,—,TP2,30,Perfect Trade
ZECUSDT,long,2026-09-14 16:14,2026-09-14 16:32,2026-09-25 20:45,268.2,1130,1108,1161.98,1184,1297.5,59,B,0.26,42.1,neutral,mixed,18.4,15.0,7.0,6.0,10.0,0.0,—,"HIGH_MOMENTUM_WEAK_STRUCTURE,NO_HISTORY,NO_ML,CLUSTERED_MARKET_EXPOSURE","weak_structure,no_history,negative_cmf",ran_to_tp3,37.08,37.08,0.36,—,TP3,38,Perfect Trade
HYPEUSDT,long,2026-09-14 15:50,2026-09-14 15:57,2026-09-25 20:45,268.8,79.8,76.5,80.77,89.67,—,59,B,-0.33,42.1,neutral,mixed,15.1,15.0,10.0,6.0,10.0,0.0,—,"HIGH_MOMENTUM_WEAK_STRUCTURE,NO_HISTORY,NO_ML,LOW_TP1_RR,CLUSTERED_MARKET_EXPOSURE","rsi_chop_30_49,weak_structure,no_history",closed_at_tp2,15.19,15.19,-0.13,—,TP2,42,Perfect Trade
BZUSDT,long,2026-09-14 15:50,2026-09-14 15:57,2026-09-25 20:45,268.8,102.25,99,103.91,112.75,—,54,C,-0.22,32.5,neutral,mixed,23.7,15.0,10.0,6.0,0.0,0.0,—,"HIGH_MOMENTUM_WEAK_STRUCTURE,NO_HISTORY,NO_ML,LOW_TP1_RR,CLUSTERED_MARKET_EXPOSURE","weak_structure,no_history,funding_elevated",immediate_reversal,-4.68,0.37,-4.68,-1.56,none,42,Scanner Outage
NEARUSDT,long,2026-09-14 15:50,2026-09-14 15:57,2026-09-25 20:45,268.8,2.3875,2.276,2.435,2.727,—,57,B,-0.27,49.2,neutral,mixed,21.6,15.0,2.0,6.0,10.0,0.0,—,"HIGH_MOMENTUM_WEAK_STRUCTURE,NO_HISTORY,NO_ML,LOW_TP1_RR,CLUSTERED_MARKET_EXPOSURE","weak_structure,no_history,negative_cmf",closed_at_tp2,114.28,114.28,0.40,—,TP2,42,Perfect Trade
SUIUSDT,short,2026-09-14 15:38,2026-09-14 15:50,2026-09-14 16:48,1.0,0.725,0.731,0.705,0.692,—,61,B,-1.00,32.5,neutral,mixed,17.7,15.0,10.0,6.0,10.0,0.0,—,"HIGH_MOMENTUM_WEAK_STRUCTURE,NO_HISTORY,NO_ML,CLUSTERED_MARKET_EXPOSURE,SHORT_TIGHT_STOP","rsi_chop_30_49,weak_structure,no_history,risk_penalty_applied",immediate_reversal,-0.95,0.18,-0.95,-0.12,none,12,Immediate Reversal
XRPUSDT,long,2026-09-14 14:44,2026-09-14 14:57,2026-09-14 18:32,3.6,1.392,1.3312,1.4094,1.4502,—,63,B,-0.34,44.5,neutral,mixed,18.9,15.0,10.0,6.0,10.0,1.5,0.47,"HIGH_MOMENTUM_WEAK_STRUCTURE,LOW_TP1_RR,CLUSTERED_MARKET_EXPOSURE",weak_structure,closed_at_tp2,4.61,4.61,0.37,—,TP2,39,Perfect Trade
SOLUSDT,long,2026-09-14 14:44,2026-09-14 14:57,2026-09-25 20:45,269.8,101.25,98.92,102.31,105.77,—,57,B,-0.25,32.7,neutral,mixed,13.9,15.0,7.0,6.0,10.0,3.0,0.57,"HIGH_MOMENTUM_WEAK_STRUCTURE,LOW_TP1_RR,CLUSTERED_MARKET_EXPOSURE","weak_structure,negative_cmf",closed_at_tp2,21.00,21.00,0.25,—,TP2,53,Perfect Trade
1000PEPEUSDT,long,2026-09-13 11:00,2026-09-13 11:06,2026-09-25 20:45,297.7,0.0033925,0.0032,0.003485,0.0037666,—,56,B,-0.21,40.8,neutral,mixed,15.3,15.0,7.0,6.0,10.0,0.0,—,"HIGH_MOMENTUM_WEAK_STRUCTURE,NO_HISTORY,NO_ML,LOW_TP1_RR,CLUSTERED_MARKET_EXPOSURE","rsi_chop_30_49,weak_structure,no_history,negative_cmf",closed_at_tp2,32.42,32.42,-1.42,—,TP2,348,Perfect Trade
CLUSDT,long,2026-09-13 10:54,2026-09-13 11:00,2026-09-25 20:45,297.8,96.35,94.6,100.9,106.98,—,63,B,0.91,42.1,neutral,mixed,21.2,8.0,8.0,6.0,10.0,0.0,—,"NO_HISTORY,NO_ML,CLUSTERED_MARKET_EXPOSURE","weak_structure,no_history",some_favorable_move_then_stopped,-4.06,4.24,-4.06,-2.28,none,349,Scanner Outage
FLOCKUSDT,long,2026-09-13 10:47,2026-09-13 14:00,2026-09-13 17:49,3.8,0.07915,0.07602,0.08205,0.08619,—,60,B,0.02,35.4,neutral,mixed,25.0,11.0,7.0,6.0,10.0,0.0,—,"NO_HISTORY,NO_ML,LOW_TP1_RR,CLUSTERED_MARKET_EXPOSURE","weak_structure,no_history,negative_cmf,risk_penalty_applied",some_favorable_move_then_stopped,-5.38,2.73,-5.38,-1.49,none,74,Weak Structure Entry
PUMPUSDT,short,2026-09-13 10:12,2026-09-13 10:19,2026-09-26 07:22,309.1,0.003731,0.003971,0.003508,0.003442,—,60,B,0.10,37.7,excellent,mixed,14.9,15.0,7.0,11.0,10.0,0.0,—,"NO_HISTORY,NO_ML,LOW_TP1_RR,CLUSTERED_MARKET_EXPOSURE","rsi_chop_30_49,no_history,negative_cmf",reached_tp1_then_stopped,-23.29,6.97,-23.29,-15.84,TP1,244,Infrastructure Failure
DOGEUSDT,short,2026-09-13 06:29,2026-09-14 09:53,2026-09-25 20:45,274.9,0.084945,0.08545,0.08454,0.08216,—,59,B,-1.00,30.0,neutral,mixed,14.9,15.0,10.0,6.0,10.0,0.0,—,"HIGH_MOMENTUM_WEAK_STRUCTURE,NO_HISTORY,NO_ML,LOW_TP1_RR,CLUSTERED_MARKET_EXPOSURE,SHORT_TIGHT_STOP","rsi_chop_30_49,weak_structure,no_history",reached_tp1_then_stopped,-15.80,2.10,-15.80,-15.12,TP1,394,Infrastructure Failure
XAUUSDT,short,2026-09-13 04:24,2026-09-13 04:49,2026-09-14 09:25,28.6,4359.75,4390,4325,4295,—,55,B,-0.31,40.8,good,mixed,19.5,15.0,5.0,11.0,10.0,0.0,—,"NO_HISTORY,NO_ML,CLUSTERED_MARKET_EXPOSURE","rsi_chop_30_49,no_history,negative_cmf,mfi_over_80",closed_at_tp2,1.53,1.53,-0.03,—,TP2,306,Perfect Trade
USELESSUSDT,long,2026-09-13 03:42,2026-09-13 03:48,2026-09-13 07:16,3.5,0.2343,0.2235,0.2448,0.2559,0.274,58,B,0.20,35.4,neutral,mixed,19.5,15.0,10.0,6.0,10.0,0.0,—,"HIGH_MOMENTUM_WEAK_STRUCTURE,NO_HISTORY,NO_ML,LOW_TP1_RR,CLUSTERED_MARKET_EXPOSURE","weak_structure,no_history,risk_penalty_applied",immediate_reversal,-4.71,-0.01,-4.71,-0.10,none,36,Immediate Reversal
PUMPUSDT,long,2026-09-13 03:12,2026-09-13 03:18,2026-09-13 08:33,5.3,0.003775,0.0037,0.003913,0.003967,—,56,B,0.72,37.7,neutral,mixed,15.3,15.0,7.0,6.0,10.0,0.0,—,"HIGH_MOMENTUM_WEAK_STRUCTURE,NO_HISTORY,NO_ML,CLUSTERED_MARKET_EXPOSURE","rsi_chop_30_49,weak_structure,no_history,negative_cmf",some_favorable_move_then_stopped,-2.15,1.80,-2.15,-0.16,none,54,Weak Structure Entry
ETHUSDT,long,2026-09-13 02:42,2026-09-13 02:48,2026-09-13 09:31,6.7,2518.8,2487,2546.11,2567.24,2666,55,B,0.13,26.0,neutral,mixed,22.1,15.0,5.0,6.0,10.0,-3.0,0.55,"HIGH_MOMENTUM_WEAK_STRUCTURE,LOW_TP1_RR,CLUSTERED_MARKET_EXPOSURE",weak_structure,immediate_reversal,-1.46,0.15,-1.46,-0.20,none,69,Immediate Reversal
XAGUSDT,short,2026-09-13 00:24,2026-09-13 00:30,2026-09-14 09:19,32.8,64.6,64.75,64,63.03,—,51,C,1.86,37.7,excellent,mixed,18.2,15.0,2.0,11.0,10.0,0.0,—,"NO_HISTORY,NO_ML,CLUSTERED_MARKET_EXPOSURE,SHORT_TIGHT_STOP","rsi_chop_30_49,no_history,negative_cmf",closed_at_tp2,2.93,2.93,-0.01,—,TP2,142,Perfect Trade
WLDUSDT,short,2026-09-12 16:08,2026-09-12 16:14,2026-09-25 20:45,316.5,0.40625,0.4165,0.398,0.387,0.378,61,B,-0.41,40.8,good,mixed,15.2,15.0,7.0,11.0,10.0,0.0,—,"NO_HISTORY,NO_ML,LOW_TP1_RR,CLUSTERED_MARKET_EXPOSURE,SHORT_TIGHT_STOP","rsi_chop_30_49,no_history,negative_cmf",hit_tp2_then_reversed,-18.79,4.89,-18.79,-15.87,TP2,309,Infrastructure Failure
LABUSDT,long,2026-09-12 15:39,2026-09-12 15:50,2026-09-12 15:56,0.1,0.073,0.0695,0.0745,0.078,—,48,C,-0.09,35.4,neutral,mixed,20.0,15.0,7.0,6.0,10.0,0.0,—,"HIGH_MOMENTUM_WEAK_STRUCTURE,NO_HISTORY,NO_ML,LOW_TP1_RR,CLUSTERED_MARKET_EXPOSURE","weak_structure,no_history,negative_cmf,risk_penalty_applied",immediate_reversal,-7.36,0.62,-7.36,-2.69,none,3,Immediate Reversal
SKHYUSDT,long,2026-09-12 15:33,2026-09-12 15:39,2026-09-13 08:28,16.8,190.2,185,194,197,199.6,68,B+,0.11,42.1,neutral,mixed,24.6,8.0,10.0,6.0,10.0,0.0,—,"NO_HISTORY,NO_ML,LOW_TP1_RR,CLUSTERED_MARKET_EXPOSURE","weak_structure,no_history",immediate_reversal,-2.92,0.15,-2.92,-0.20,none,33,Immediate Reversal
SKHYNIXUSDT,long,2026-09-12 15:21,2026-09-12 15:27,2026-09-12 19:38,4.2,1365.25,1360.5,1374.4,1396,1418,66,B+,0.87,37.7,neutral,mixed,22.7,8.0,10.0,6.0,10.0,0.0,—,"NO_HISTORY,NO_ML,CLUSTERED_MARKET_EXPOSURE","weak_structure,no_history",immediate_reversal,-2.28,0.25,-2.28,-1.94,none,38,Immediate Reversal
CRCLUSDT,short,2026-09-12 14:23,2026-09-12 14:29,2026-09-14 12:34,46.1,91.75,92.6,90.76,89.24,—,54,C,-0.30,45.4,good,mixed,16.2,15.0,7.0,11.0,10.0,0.0,—,"NO_HISTORY,NO_ML,CLUSTERED_MARKET_EXPOSURE,SHORT_TIGHT_STOP","rsi_chop_30_49,no_history,negative_cmf",reached_tp1_then_stopped,-0.99,1.50,-0.99,-0.07,TP1,41,TP1 Hit — Should Have Exited
RIVERUSDT,long,2026-09-12 13:13,2026-09-12 13:19,2026-09-12 18:34,5.2,1.27,1.19,1.35,1.457,—,50,C,0.28,44.5,neutral,mixed,19.5,15.0,10.0,6.0,10.0,0.0,—,"HIGH_MOMENTUM_WEAK_STRUCTURE,NO_HISTORY,NO_ML,CLUSTERED_MARKET_EXPOSURE","weak_structure,no_history,risk_penalty_applied",closed_at_tp2,18.82,18.82,-0.71,—,TP2,55,Perfect Trade
SPCXUSDT,long,2026-09-12 12:03,2026-09-12 12:09,2026-09-14 01:15,37.1,150.1,148.6,151.78,154.77,—,61,B,0.70,35.0,excellent,mixed,20.5,15.0,2.0,11.0,10.0,0.0,—,"NO_HISTORY,NO_ML,CLUSTERED_MARKET_EXPOSURE","no_history,negative_cmf",immediate_reversal,-1.27,0.11,-1.27,-0.27,none,82,Immediate Reversal
SOLUSDT,long,2026-09-06 07:06,2026-09-06 07:07,2026-09-12 06:56,143.8,104.8,102.6,107,109.5,113.6,73,B+,—,32.7,excellent,risk_on,19.7,15.0,10.0,11.0,10.0,3.0,0.52,CLUSTERED_MARKET_EXPOSURE,—,immediate_reversal,-2.98,0.54,-2.98,-0.90,none,5,Scanner Outage
LINKUSDT,long,2026-09-06 07:06,2026-09-06 07:07,2026-09-12 06:56,143.8,12.185,11.85,12.58,13,—,72,B+,—,45.4,excellent,risk_on,21.3,11.0,10.0,11.0,10.0,0.0,—,"NO_HISTORY,NO_ML,CLUSTERED_MARKET_EXPOSURE",no_history,immediate_reversal,-5.49,0.69,-5.49,-2.82,none,5,Scanner Outage
FILUSDT,long,2026-09-06 06:53,2026-09-06 07:06,2026-09-13 14:56,175.8,0.8021,0.7852,0.8399,0.8672,—,69,B+,—,44.5,excellent,risk_on,21.1,15.0,7.0,11.0,10.0,0.0,—,"NO_HISTORY,NO_ML,CLUSTERED_MARKET_EXPOSURE","no_history,negative_cmf",closed_at_tp2,14.90,14.90,-0.37,—,TP2,6,Perfect Trade
HEMIUSDT,long,2026-08-29 03:31,2026-08-29 06:47,2026-08-29 07:03,0.3,0.01165,0.0109,0.01312,0.013949,0.016,64,B,—,35.4,neutral,mixed,25.0,11.0,10.0,6.0,10.0,0.0,—,"NO_HISTORY,NO_ML,CLUSTERED_MARKET_EXPOSURE","weak_structure,no_history,risk_penalty_applied",immediate_reversal,-8.62,0.57,-8.62,-2.33,none,34,Immediate Reversal
ENAUSDT,long,2026-08-29 03:31,2026-08-29 03:38,2026-08-29 08:16,4.6,0.163,0.157,0.16471,0.17444,0.18375,59,B,—,35.4,neutral,mixed,25.0,15.0,5.0,6.0,10.0,0.0,—,"HIGH_MOMENTUM_WEAK_STRUCTURE,NO_HISTORY,NO_ML,LOW_TP1_RR,CLUSTERED_MARKET_EXPOSURE","weak_structure,no_history,risk_penalty_applied",reached_tp1_then_stopped,-4.10,1.47,-4.10,-0.44,TP1,47,TP1 Hit — Should Have Exited
SOXSUSDT,long,2026-08-29 03:31,2026-08-29 03:38,2026-09-02 20:20,112.7,49.3,47.8,49.81,50.23,52.85,60,B,—,49.2,neutral,mixed,16.1,15.0,10.0,6.0,10.0,0.0,—,"HIGH_MOMENTUM_WEAK_STRUCTURE,NO_HISTORY,NO_ML,LOW_TP1_RR,CLUSTERED_MARKET_EXPOSURE","weak_structure,no_history",ran_to_tp3,7.50,7.50,0.12,—,TP3,118,Perfect Trade
SKHYUSDT,long,2026-08-29 03:31,2026-08-29 03:38,2026-09-03 05:21,121.7,161.6,160.3,163.5,166.71,—,62,B,—,42.1,neutral,mixed,18.5,15.0,10.0,6.0,10.0,0.0,—,"HIGH_MOMENTUM_WEAK_STRUCTURE,NO_HISTORY,NO_ML,CLUSTERED_MARKET_EXPOSURE","weak_structure,no_history",reached_tp1_then_stopped,-1.57,2.28,-1.57,-0.77,TP1,226,TP1 Hit — Should Have Exited
SNXXUSDT,short,2026-08-29 03:00,2026-08-29 03:07,2026-09-02 18:59,111.9,12.9,13.45,12.2,12.02,11.65,64,B,—,32.5,neutral,mixed,20.2,15.0,10.0,6.0,10.0,0.0,—,"HIGH_MOMENTUM_WEAK_STRUCTURE,HIGH_SCORE_WEAK_STRUCTURE,NO_HISTORY,NO_ML,CLUSTERED_MARKET_EXPOSURE","rsi_chop_30_49,weak_structure,no_history",immediate_reversal,-8.06,0.62,-8.06,-3.64,none,118,Scanner Outage
SNDKUSDT,short,2026-08-29 03:00,2026-08-29 03:07,2026-09-02 18:59,111.9,1485,1517,1477,1436,1419.66,59,B,—,37.7,neutral,mixed,15.0,15.0,10.0,6.0,10.0,0.0,—,"HIGH_MOMENTUM_WEAK_STRUCTURE,NO_HISTORY,NO_ML,LOW_TP1_RR,CLUSTERED_MARKET_EXPOSURE","rsi_chop_30_49,weak_structure,no_history",immediate_reversal,-4.30,0.10,-4.30,-2.10,none,118,Scanner Outage
CLUSDT,long,2026-08-29 03:00,2026-08-29 03:07,2026-09-02 18:59,111.9,83.15,82.2,83.63,84.41,—,58,B,—,42.1,neutral,mixed,14.4,15.0,10.0,6.0,10.0,0.0,—,"HIGH_MOMENTUM_WEAK_STRUCTURE,NO_HISTORY,NO_ML,LOW_TP1_RR,CLUSTERED_MARKET_EXPOSURE","weak_structure,no_history",closed_at_tp2,9.22,9.22,-0.20,—,TP2,118,Perfect Trade
ZECUSDT,long,2026-08-29 01:50,2026-08-29 01:57,2026-09-06 06:22,196.4,802,775,817.22,889.99,—,65,B+,—,42.1,neutral,mixed,20.9,8.0,10.0,6.0,10.0,0.0,—,"NO_HISTORY,NO_ML,LOW_TP1_RR,CLUSTERED_MARKET_EXPOSURE","weak_structure,no_history",closed_at_tp2,45.44,45.44,-1.45,—,TP2,338,Perfect Trade
TRUMPUSDT,long,2026-08-29 00:06,2026-08-29 00:34,2026-09-02 18:59,114.4,2.75,2.505,2.892,3.1,—,47,C,—,35.4,neutral,mixed,24.8,15.0,2.0,6.0,10.0,0.0,—,"HIGH_MOMENTUM_WEAK_STRUCTURE,NO_HISTORY,NO_ML,LOW_TP1_RR,CLUSTERED_MARKET_EXPOSURE","weak_structure,no_history,negative_cmf,risk_penalty_applied",reached_tp1_then_stopped,-20.95,10.98,-20.95,-13.21,TP1,148,Infrastructure Failure
MOVRUSDT,long,2026-08-28 19:42,2026-08-28 20:11,2026-08-28 20:41,0.5,0.9115,0.845,0.975,1.038,1.138,59,B,—,32.5,neutral,mixed,20.0,15.0,10.0,6.0,10.0,0.0,—,"HIGH_MOMENTUM_WEAK_STRUCTURE,NO_HISTORY,NO_ML,LOW_TP1_RR,CLUSTERED_MARKET_EXPOSURE","weak_structure,no_history,risk_penalty_applied",immediate_reversal,-16.01,0.23,-16.01,-9.40,none,10,Infrastructure Failure
BNBUSDT,long,2026-08-28 18:03,2026-08-28 18:07,2026-08-28 18:40,0.6,694.55,686.9,707.78,719.14,—,71,B+,—,37.7,good,mixed,20.0,8.0,5.0,11.0,10.0,10.5,0.54,CLUSTERED_MARKET_EXPOSURE,"rsi_chop_30_49,risk_penalty_applied",immediate_reversal,-1.14,-0.17,-1.14,-0.04,none,7,Immediate Reversal
MOVRUSDT,long,2026-08-28 15:58,2026-08-28 16:05,2026-08-28 16:29,0.4,0.9085,0.8935,0.975,1.023,1.138,61,B,—,32.5,neutral,risk_on,20.0,15.0,10.0,6.0,10.0,0.0,—,"HIGH_MOMENTUM_WEAK_STRUCTURE,HIGH_SCORE_WEAK_STRUCTURE,NO_HISTORY,NO_ML,CLUSTERED_MARKET_EXPOSURE","weak_structure,no_history,risk_penalty_applied",immediate_reversal,-2.93,-0.11,-2.93,-1.30,none,5,Immediate Reversal
MSTRUSDT,long,2026-08-28 15:51,2026-08-28 15:58,2026-09-02 18:59,123.0,129,126.5,136.17,140.85,143.19,65,B+,—,30.0,good,risk_on,19.5,15.0,5.0,11.0,10.0,0.0,—,"NO_HISTORY,NO_ML,CLUSTERED_MARKET_EXPOSURE","no_history,risk_penalty_applied",immediate_reversal,-4.95,-0.32,-4.95,-3.07,none,233,Scanner Outage
SPCXUSDT,long,2026-08-28 15:51,2026-08-28 15:58,2026-09-03 13:47,141.8,140.1,138.4,141.96,143.5,146.1,65,B+,—,35.0,neutral,risk_on,18.8,15.0,10.0,6.0,10.0,0.0,—,"HIGH_MOMENTUM_WEAK_STRUCTURE,HIGH_SCORE_WEAK_STRUCTURE,NO_HISTORY,NO_ML,CLUSTERED_MARKET_EXPOSURE","weak_structure,no_history",ran_to_tp3,4.75,4.75,-1.12,—,TP3,437,Perfect Trade
MSTRUSDT,long,2026-08-28 15:21,2026-08-28 15:28,2026-08-28 15:51,0.4,133.7,129.5,137.17,141.1,143.19,65,B+,—,30.0,good,risk_on,19.6,15.0,5.0,11.0,10.0,0.0,—,"NO_HISTORY,NO_ML,LOW_TP1_RR,CLUSTERED_MARKET_EXPOSURE",no_history,immediate_reversal,-3.44,-0.75,-3.44,-0.31,none,5,Immediate Reversal
ETHUSDT,long,2026-08-28 15:03,2026-08-28 15:10,2026-08-28 15:58,0.8,2502,2478,2535,2570,2620,76,A,—,26.0,neutral,risk_on,24.4,8.0,10.0,6.0,10.0,9.0,0.49,"HIGH_SCORE_WEAK_STRUCTURE,CLUSTERED_MARKET_EXPOSURE",weak_structure,immediate_reversal,-1.07,0.20,-1.07,-0.11,none,9,Immediate Reversal
SUIUSDT,long,2026-08-28 14:57,2026-08-28 15:03,2026-09-12 06:56,351.9,0.76925,0.7241,0.8013,0.9555,—,63,B,—,32.5,neutral,risk_on,19.9,15.0,7.0,6.0,10.0,0.0,—,"HIGH_MOMENTUM_WEAK_STRUCTURE,HIGH_SCORE_WEAK_STRUCTURE,NO_HISTORY,NO_ML,LOW_TP1_RR,CLUSTERED_MARKET_EXPOSURE","rsi_chop_30_49,weak_structure,no_history,negative_cmf",some_favorable_move_then_stopped,-5.97,3.59,-5.97,-0.11,none,462,Scanner Outage
XAGUSDT,long,2026-08-28 14:51,2026-08-28 15:15,2026-08-28 16:22,1.1,69.4,67.4,71.01,71.23,—,61,B,—,37.7,neutral,risk_on,20.1,15.0,5.0,6.0,10.0,0.0,—,"HIGH_MOMENTUM_WEAK_STRUCTURE,HIGH_SCORE_WEAK_STRUCTURE,NO_HISTORY,NO_ML,LOW_TP1_RR,CLUSTERED_MARKET_EXPOSURE","weak_structure,no_history",immediate_reversal,-3.80,0.06,-3.80,-0.95,none,15,Immediate Reversal
SOLUSDT,long,2026-08-28 14:04,2026-08-28 14:10,2026-09-02 18:59,124.8,104.4,100.9,106.8,110,113,73,B+,—,32.7,good,risk_on,24.9,15.0,5.0,11.0,10.0,-3.0,0.52,"LOW_TP1_RR,CLUSTERED_MARKET_EXPOSURE",—,reached_tp1_then_stopped,-4.77,2.73,-4.77,-1.47,TP1,251,Scanner Outage
MSTRUSDT,long,2026-08-28 13:34,2026-08-28 13:40,2026-08-28 14:10,0.5,134.74,132.4,136.55,137.17,141.1,71,B+,—,30.0,good,risk_on,24.8,15.0,5.0,11.0,10.0,0.0,—,"NO_HISTORY,NO_ML,LOW_TP1_RR,CLUSTERED_MARKET_EXPOSURE",no_history,immediate_reversal,-1.77,0.28,-1.77,-0.04,none,6,Immediate Reversal
MUUSDT,long,2026-08-21 10:23,2026-08-21 10:34,2026-08-28 12:24,169.8,977.35,963.73,987.97,1021.79,1036,66,B+,—,40.8,neutral,risk_on,19.8,15.0,10.0,6.0,10.0,0.0,—,"HIGH_MOMENTUM_WEAK_STRUCTURE,HIGH_SCORE_WEAK_STRUCTURE,NO_HISTORY,NO_ML,LOW_TP1_RR,CLUSTERED_MARKET_EXPOSURE","weak_structure,no_history",immediate_reversal,-5.75,0.40,-5.75,-4.42,none,5,Scanner Outage
DRAMUSDT,long,2026-08-21 08:59,2026-08-21 09:05,2026-08-28 12:24,171.3,58.425,57.35,59.37,60.81,62.09,63,B,—,35.0,neutral,risk_on,19.7,15.0,7.0,6.0,10.0,0.0,—,"HIGH_MOMENTUM_WEAK_STRUCTURE,HIGH_SCORE_WEAK_STRUCTURE,NO_HISTORY,NO_ML,LOW_TP1_RR,CLUSTERED_MARKET_EXPOSURE","weak_structure,no_history,negative_cmf",immediate_reversal,-4.29,0.62,-4.29,-2.49,none,18,Scanner Outage
SAMSUNGUSDT,long,2026-08-21 08:13,2026-08-21 08:25,2026-08-28 12:24,172.0,196.75,191,203.4,206,211.5,68,B+,—,45.4,neutral,risk_on,22.0,15.0,10.0,6.0,10.0,0.0,—,"HIGH_MOMENTUM_WEAK_STRUCTURE,HIGH_SCORE_WEAK_STRUCTURE,NO_HISTORY,NO_ML","weak_structure,no_history,liquidity_stress",immediate_reversal,-4.56,0.49,-4.56,-1.69,none,26,Scanner Outage
LINKUSDT,long,2026-08-16 12:03,2026-08-16 12:09,2026-08-21 07:40,115.5,9.34,9.18,9.507,9.63,—,64,B,—,45.4,neutral,mixed,25.0,15.0,5.0,6.0,10.0,0.0,—,"HIGH_MOMENTUM_WEAK_STRUCTURE,HIGH_SCORE_WEAK_STRUCTURE,NO_HISTORY,NO_ML,CLUSTERED_MARKET_EXPOSURE","weak_structure,no_history",closed_at_tp2,24.70,24.70,-0.12,—,TP2,10,Perfect Trade
CLUSDT,long,2026-08-16 09:45,2026-08-16 09:51,2026-08-21 07:40,117.8,81.225,80.8,81.56,82,84.04,62,B,—,42.1,neutral,mixed,18.6,8.0,10.0,6.0,10.0,0.0,—,"NO_HISTORY,NO_ML,LOW_TP1_RR,CLUSTERED_MARKET_EXPOSURE","weak_structure,no_history",ran_to_tp3,6.35,6.35,0.04,—,TP3,24,Perfect Trade
ZECUSDT,short,2026-08-16 09:27,2026-08-16 09:34,2026-08-21 07:40,118.1,488.5,494.5,483.45,480.27,466.28,59,B,—,42.1,neutral,mixed,18.6,15.0,7.0,6.0,10.0,0.0,—,"HIGH_MOMENTUM_WEAK_STRUCTURE,NO_HISTORY,NO_ML,LOW_TP1_RR,CLUSTERED_MARKET_EXPOSURE","rsi_chop_30_49,weak_structure,no_history,negative_cmf",immediate_reversal,-28.80,0.76,-28.80,-27.24,none,27,Infrastructure Failure
ALLOUSDT,short,2026-08-16 08:42,2026-08-16 10:31,2026-08-16 11:06,0.6,0.268,0.274,0.2616,0.2535,0.244,63,B,—,35.4,neutral,mixed,22.7,11.0,7.0,6.0,10.0,0.0,—,"NO_HISTORY,NO_ML,CLUSTERED_MARKET_EXPOSURE","rsi_chop_30_49,weak_structure,no_history,negative_cmf",immediate_reversal,-2.76,0.55,-2.76,-0.51,none,15,Scanner Outage
HYPEUSDT,long,2026-08-16 08:07,2026-08-16 09:45,2026-08-21 07:40,117.9,57.145,56.55,57.85,58.45,59.1,65,B+,—,42.1,excellent,mixed,19.4,15.0,7.0,11.0,10.0,0.0,—,"NO_HISTORY,NO_ML,CLUSTERED_MARKET_EXPOSURE","no_history,negative_cmf",ran_to_tp3,29.07,29.07,0.12,—,TP3,34,Perfect Trade
ETHUSDT,short,2026-08-16 07:44,2026-08-16 07:55,2026-08-21 07:40,119.7,1880.25,1890.6,1876,1852.22,—,56,B,—,26.0,neutral,mixed,15.0,15.0,10.0,6.0,10.0,4.5,0.64,"HIGH_MOMENTUM_WEAK_STRUCTURE,HIGH_SCORE_WEAK_STRUCTURE,LOW_TP1_RR,CLUSTERED_MARKET_EXPOSURE","rsi_chop_30_49,weak_structure",immediate_reversal,-26.67,0.11,-26.67,-25.98,none,37,Infrastructure Failure
SPORTFUNUSDT,long,2026-08-16 03:29,2026-08-16 03:40,2026-08-16 06:42,3.0,0.0258,0.02422,0.02975,0.03598,—,59,B,—,35.4,neutral,mixed,23.9,15.0,7.0,6.0,10.0,0.0,—,"HIGH_MOMENTUM_WEAK_STRUCTURE,NO_HISTORY,NO_ML,CLUSTERED_MARKET_EXPOSURE","weak_structure,no_history,negative_cmf,risk_penalty_applied",immediate_reversal,-6.12,0.78,-6.12,0.00,none,5,Immediate Reversal
WLDUSDT,long,2026-08-15 21:29,2026-08-15 21:35,2026-08-21 07:40,130.1,0.34795,0.339,0.3547,0.3629,0.372,67,B+,—,40.8,excellent,mixed,21.9,15.0,7.0,11.0,10.0,0.0,—,"NO_HISTORY,NO_ML,LOW_TP1_RR,CLUSTERED_MARKET_EXPOSURE","no_history,negative_cmf",ran_to_tp3,8.29,8.29,-1.48,—,TP3,77,Perfect Trade
PUMPUSDT,long,2026-08-15 17:42,2026-08-15 20:20,2026-08-21 07:40,131.3,0.002807,0.002681,0.002946,0.002987,—,71,B+,—,37.7,excellent,mixed,22.3,8.0,10.0,11.0,10.0,0.0,—,"NO_HISTORY,NO_ML,CLUSTERED_MARKET_EXPOSURE",no_history,closed_at_tp2,39.37,39.37,-3.46,—,TP2,96,"Good Entry, Good Exit"
SKHYNIXUSDT,long,2026-08-15 17:07,2026-08-16 13:01,2026-08-21 07:40,114.6,1171.17,1157.05,1209,1221.99,—,65,B+,—,37.7,excellent,mixed,20.0,8.0,7.0,11.0,10.0,0.0,—,"NO_HISTORY,NO_ML,CLUSTERED_MARKET_EXPOSURE","no_history,negative_cmf",closed_at_tp2,7.07,7.07,0.17,—,TP2,99,Perfect Trade
DOGEUSDT,short,2026-08-15 16:26,2026-08-15 17:07,2026-08-21 07:40,134.5,0.07015,0.0711,0.0688,0.0677,—,53,C,—,30.0,neutral,mixed,20.6,15.0,7.0,6.0,10.0,0.0,—,"HIGH_MOMENTUM_WEAK_STRUCTURE,NO_HISTORY,NO_ML,CLUSTERED_MARKET_EXPOSURE","rsi_chop_30_49,weak_structure,no_history,negative_cmf",immediate_reversal,-20.31,0.95,-20.31,-18.71,none,102,Infrastructure Failure
BNBUSDT,long,2026-08-14 00:44,2026-08-14 00:50,2026-08-14 11:14,10.4,610.5,604.7,615.2,620.9,—,69,B+,—,37.7,excellent,mixed,21.2,8.0,5.0,11.0,10.0,6.0,0.55,"LOW_TP1_RR,CLUSTERED_MARKET_EXPOSURE",—,immediate_reversal,-1.01,0.37,-1.01,-0.06,none,108,Immediate Reversal
SAMSUNGUSDT,long,2026-08-14 00:44,2026-08-14 02:12,2026-08-21 07:40,173.5,191.5,182.5,195.25,199.6,—,66,B+,—,45.4,neutral,mixed,25.0,11.0,8.0,6.0,10.0,0.0,—,"HIGH_SCORE_WEAK_STRUCTURE,NO_HISTORY,NO_ML,LOW_TP1_RR,CLUSTERED_MARKET_EXPOSURE","weak_structure,no_history,mfi_over_80",closed_at_tp2,6.42,6.42,-0.95,—,TP2,115,Perfect Trade
APRUSDT,long,2026-08-14 00:33,2026-08-14 00:44,2026-08-14 12:29,11.8,0.457,0.401,0.4877,0.5278,0.5393,64,B,—,44.5,neutral,mixed,25.0,15.0,10.0,6.0,10.0,0.0,—,"HIGH_MOMENTUM_WEAK_STRUCTURE,HIGH_SCORE_WEAK_STRUCTURE,NO_HISTORY,NO_ML,LOW_TP1_RR,CLUSTERED_MARKET_EXPOSURE","weak_structure,no_history,risk_penalty_applied",ran_to_tp3,19.04,19.04,-4.33,—,TP3,114,"Good Entry, Good Exit"
SPCXUSDT,long,2026-08-13 19:27,2026-08-13 19:33,2026-08-15 14:00,42.4,143.55,139.6,148.6,152,—,66,B+,—,35.0,good,mixed,22.6,15.0,5.0,11.0,10.0,0.0,—,"NO_HISTORY,NO_ML,CLUSTERED_MARKET_EXPOSURE",no_history,immediate_reversal,-2.77,0.81,-2.77,-0.01,none,176,Immediate Reversal
LINKUSDT,long,2026-08-13 17:20,2026-08-14 08:24,2026-08-15 13:13,28.8,8.705,8.58,8.865,8.982,9.038,67,B+,—,45.4,neutral,mixed,23.5,8.0,10.0,6.0,10.0,0.0,—,"NO_HISTORY,NO_ML,CLUSTERED_MARKET_EXPOSURE","weak_structure,no_history",ran_to_tp3,8.66,8.66,0.31,—,TP3,191,Perfect Trade
BTWUSDT,long,2026-08-13 15:48,2026-08-13 15:54,2026-08-15 18:35,50.7,0.2615,0.235,0.2692,0.285,0.31,60,B,—,49.2,excellent,mixed,19.3,15.0,10.0,11.0,5.0,0.0,—,"NO_HISTORY,NO_ML,LOW_TP1_RR,CLUSTERED_MARKET_EXPOSURE","no_history,risk_penalty_applied,funding_elevated",ran_to_tp3,21.02,21.02,0.10,—,TP3,155,Perfect Trade
ETHUSDT,long,2026-08-13 15:42,2026-08-13 15:48,2026-08-13 16:40,0.9,1888,1873,1899.6,1911.5,1943,65,B+,—,26.0,neutral,mixed,14.1,15.0,7.0,6.0,10.0,12.0,0.65,"HIGH_MOMENTUM_WEAK_STRUCTURE,HIGH_SCORE_WEAK_STRUCTURE,LOW_TP1_RR,CLUSTERED_MARKET_EXPOSURE","rsi_chop_30_49,weak_structure,negative_cmf",immediate_reversal,-1.01,-0.00,-1.01,-0.21,none,10,Immediate Reversal
MUUSDT,long,2026-08-13 13:29,2026-08-13 13:35,2026-08-13 13:47,0.2,911.25,901.5,916.1,929,—,64,B,—,40.8,neutral,mixed,20.2,15.0,10.0,6.0,10.0,0.0,—,"HIGH_MOMENTUM_WEAK_STRUCTURE,HIGH_SCORE_WEAK_STRUCTURE,NO_HISTORY,NO_ML,LOW_TP1_RR,CLUSTERED_MARKET_EXPOSURE","weak_structure,no_history",closed_at_tp2,2.53,2.53,0.26,—,TP2,3,Perfect Trade
SAMSUNGUSDT,long,2026-08-13 13:10,2026-08-13 13:16,2026-08-13 15:24,2.1,185.75,183.3,191.23,195.7,—,66,B+,—,45.4,neutral,mixed,24.4,11.0,8.0,6.0,10.0,0.0,—,"NO_HISTORY,NO_ML,CLUSTERED_MARKET_EXPOSURE","weak_structure,no_history,mfi_over_80",closed_at_tp2,5.44,5.44,0.20,—,TP2,22,Perfect Trade
SOXSUSDT,short,2026-08-13 12:52,2026-08-13 12:58,2026-08-13 13:04,0.1,41.15,41.95,39.88,41.82,—,69,B+,—,49.2,good,mixed,21.1,8.0,10.0,11.0,10.0,0.0,—,"NO_HISTORY,NO_ML,CLUSTERED_MARKET_EXPOSURE","rsi_chop_30_49,no_history",closed_at_tp2,0.70,0.70,0.24,—,TP2,2,Perfect Trade
EWYUSDT,long,2026-08-13 12:03,2026-08-13 12:10,2026-08-13 14:36,2.4,174.6,172.5,177.9,178.7,—,64,B,—,40.8,neutral,mixed,22.4,15.0,8.0,6.0,10.0,0.0,—,"HIGH_MOMENTUM_WEAK_STRUCTURE,HIGH_SCORE_WEAK_STRUCTURE,NO_HISTORY,NO_ML,CLUSTERED_MARKET_EXPOSURE","weak_structure,no_history,mfi_over_80",closed_at_tp2,2.63,2.63,-0.18,—,TP2,25,Perfect Trade
DRAMUSDT,long,2026-08-13 11:27,2026-08-13 11:33,2026-08-13 14:24,2.9,54.35,53.6,55.05,55.86,—,64,B,—,35.0,good,mixed,17.5,15.0,8.0,11.0,10.0,0.0,—,"NO_HISTORY,NO_ML,LOW_TP1_RR,CLUSTERED_MARKET_EXPOSURE","no_history,mfi_over_80",closed_at_tp2,2.83,2.83,-0.33,—,TP2,29,Perfect Trade
NVDAUSDT,long,2026-08-13 11:27,2026-08-13 15:36,2026-08-28 12:24,356.8,223.85,221.2,225.24,226.48,—,62,B,—,49.2,neutral,mixed,23.6,15.0,5.0,6.0,10.0,0.0,—,"HIGH_MOMENTUM_WEAK_STRUCTURE,NO_HISTORY,NO_ML,LOW_TP1_RR,CLUSTERED_MARKET_EXPOSURE","weak_structure,no_history,negative_cmf,mfi_over_80",closed_at_tp2,1.58,1.58,0.15,—,TP2,49,Perfect Trade
SKHYUSDT,long,2026-08-13 09:21,2026-08-13 09:27,2026-08-13 14:48,5.3,150.8,144.3,154.06,157.06,163.87,64,B,—,42.1,good,mixed,18.1,15.0,8.0,11.0,10.0,0.0,—,"NO_HISTORY,NO_ML,LOW_TP1_RR,CLUSTERED_MARKET_EXPOSURE","no_history,mfi_over_80",ran_to_tp3,8.69,8.69,0.38,—,TP3,54,Perfect Trade
CYSUSDT,long,2026-08-13 08:01,2026-08-13 08:07,2026-08-13 09:21,1.2,1.465,1.38,1.5923,1.6995,1.7787,63,B,—,40.8,good,mixed,25.0,15.0,5.0,11.0,10.0,0.0,—,"NO_HISTORY,NO_ML,CLUSTERED_MARKET_EXPOSURE","no_history,risk_penalty_applied",immediate_reversal,-6.08,0.74,-6.08,-0.30,none,13,Immediate Reversal
XAUUSDT,long,2026-08-13 05:13,2026-08-13 05:34,2026-08-13 06:37,1.1,4400.5,4380,4436,4456.65,4490,68,B+,—,40.8,neutral,mixed,25.0,8.0,10.0,6.0,10.0,0.0,—,"NO_HISTORY,NO_ML,CLUSTERED_MARKET_EXPOSURE","weak_structure,no_history",immediate_reversal,-0.58,0.05,-0.58,-0.12,none,16,Immediate Reversal
PAXGUSDT,long,2026-08-13 05:13,2026-08-13 05:34,2026-08-13 06:37,1.1,4390.5,4368,4425,4440.7,4479,68,B+,—,40.8,neutral,mixed,25.0,8.0,10.0,6.0,10.0,0.0,—,"NO_HISTORY,NO_ML,CLUSTERED_MARKET_EXPOSURE","weak_structure,no_history",immediate_reversal,-0.59,0.06,-0.59,-0.08,none,16,Immediate Reversal
BTWUSDT,long,2026-08-13 04:55,2026-08-13 05:13,2026-08-13 15:18,10.1,0.23761,0.214,0.25517,0.26918,—,61,B,—,49.2,good,mixed,19.9,15.0,10.0,11.0,5.0,0.0,—,"NO_HISTORY,NO_ML,LOW_TP1_RR,CLUSTERED_MARKET_EXPOSURE","no_history,risk_penalty_applied,funding_elevated",closed_at_tp2,13.49,13.49,-3.51,—,TP2,105,"Good Entry, Good Exit"
XAGUSDT,long,2026-08-12 19:17,2026-08-12 19:23,2026-08-13 19:15,23.9,65.35,64.35,66.59,67.04,68.5,68,B+,—,37.7,good,mixed,25.0,8.0,5.0,11.0,10.0,0.0,—,"NO_HISTORY,NO_ML,CLUSTERED_MARKET_EXPOSURE",no_history,some_favorable_move_then_stopped,-1.55,1.42,-1.55,-0.02,none,245,Counter Trend Entry
CRCLUSDT,long,2026-08-12 14:50,2026-08-12 14:55,2026-08-13 19:04,28.1,69.8,68.4,71.5,72.4,—,54,C,—,45.4,neutral,mixed,23.3,15.0,5.0,6.0,10.0,0.0,—,"HIGH_MOMENTUM_WEAK_STRUCTURE,NO_HISTORY,NO_ML,CLUSTERED_MARKET_EXPOSURE","weak_structure,no_history",closed_at_tp2,5.70,5.70,-0.43,—,TP2,31,Perfect Trade
LITEUSDT,long,2026-08-12 13:17,2026-08-12 13:29,2026-08-12 13:40,0.2,892.5,855,930,955,—,73,B+,—,35.4,excellent,mixed,24.1,15.0,10.0,11.0,10.0,0.0,—,"NO_HISTORY,NO_ML,CLUSTERED_MARKET_EXPOSURE",no_history,immediate_reversal,-5.12,0.84,-5.12,-0.96,none,3,Scanner Outage
CLUSDT,long,2026-08-12 11:49,2026-08-12 11:55,2026-08-13 08:38,20.7,82.55,81,84,85,86.5,62,B,—,42.1,neutral,mixed,23.8,15.0,5.0,6.0,10.0,0.0,—,"HIGH_MOMENTUM_WEAK_STRUCTURE,NO_HISTORY,NO_ML,LOW_TP1_RR,CLUSTERED_MARKET_EXPOSURE","weak_structure,no_history",immediate_reversal,-1.98,0.28,-1.98,-0.10,none,176,Immediate Reversal
HOLOUSDT,long,2026-08-12 10:15,2026-08-12 10:21,2026-08-12 18:28,8.1,0.07725,0.074,0.0825,0.0865,0.09,64,B,—,35.4,good,mixed,23.5,15.0,7.0,11.0,10.0,0.0,—,"NO_HISTORY,NO_ML,CLUSTERED_MARKET_EXPOSURE","no_history,negative_cmf,risk_penalty_applied",immediate_reversal,-7.17,0.63,-7.17,-3.10,none,45,Scanner Outage
DOGEUSDT,long,2026-08-12 08:37,2026-08-12 08:43,2026-08-12 21:31,12.8,0.0714,0.06975,0.0735,0.07485,0.0762,56,B,—,30.0,good,mixed,15.6,15.0,10.0,11.0,10.0,0.0,—,"NO_HISTORY,NO_ML,CLUSTERED_MARKET_EXPOSURE",no_history,some_favorable_move_then_stopped,-2.52,1.06,-2.52,-0.21,none,94,Counter Trend Entry
VELVETUSDT,long,2026-08-12 08:02,2026-08-12 08:08,2026-08-12 18:28,10.3,0.5505,0.505,0.595,0.628,0.679,63,B,—,44.5,good,mixed,24.7,15.0,5.0,11.0,10.0,0.0,—,"NO_HISTORY,NO_ML,LOW_TP1_RR,CLUSTERED_MARKET_EXPOSURE","no_history,risk_penalty_applied",ran_to_tp3,27.28,27.28,-0.45,—,TP3,68,Perfect Trade
NEARUSDT,long,2026-08-12 07:56,2026-08-12 08:02,2026-08-21 07:40,215.6,1.6425,1.595,1.69,1.72,1.76,61,B,—,49.2,excellent,mixed,15.3,15.0,7.0,11.0,10.0,0.0,—,"NO_HISTORY,NO_ML,CLUSTERED_MARKET_EXPOSURE","no_history,negative_cmf",ran_to_tp3,13.36,13.36,-1.80,—,TP3,72,Perfect Trade
BZUSDT,long,2026-08-12 07:31,2026-08-12 07:37,2026-08-13 08:38,25.0,87.6,85.9,89.5,91,92.9,65,B+,—,32.5,neutral,mixed,24.3,15.0,10.0,6.0,5.0,0.0,—,"HIGH_MOMENTUM_WEAK_STRUCTURE,HIGH_SCORE_WEAK_STRUCTURE,NO_HISTORY,NO_ML,CLUSTERED_MARKET_EXPOSURE","weak_structure,no_history,funding_elevated",immediate_reversal,-2.02,0.60,-2.02,-0.08,none,220,Immediate Reversal
SKHYUSDT,long,2026-08-12 05:26,2026-08-12 05:44,2026-08-12 13:52,8.1,143.9,139.5,148.5,152,—,63,B,—,42.1,excellent,mixed,14.7,15.0,10.0,11.0,10.0,0.0,—,"NO_HISTORY,NO_ML,CLUSTERED_MARKET_EXPOSURE",no_history,closed_at_tp2,5.63,5.63,0.51,—,TP2,85,Perfect Trade
HYPEUSDT,short,2026-08-11 19:18,2026-08-11 19:24,2026-08-12 11:20,15.9,54.3,55.65,52.6,51.4,49.4,64,B,—,42.1,excellent,mixed,18.6,8.0,7.0,11.0,10.0,0.0,—,—,"rsi_chop_30_49,no_history",immediate_reversal,-2.56,0.34,-2.56,-0.07,none,67,Immediate Reversal
SOLUSDT,short,2026-08-11 19:11,2026-08-11 19:18,2026-08-12 09:29,14.2,75.15,76.55,73.9,72.6,71,65,B+,—,32.7,excellent,mixed,20.1,8.0,2.0,11.0,10.0,4.5,0.56,—,rsi_chop_30_49,immediate_reversal,-2.04,0.01,-2.04,-0.17,none,49,Immediate Reversal
SNDKUSDT,long,2026-08-11 18:14,2026-08-11 18:32,2026-08-12 12:54,18.4,1263,1233.5,1290,1315,1340,62,B,—,37.7,excellent,mixed,13.6,15.0,10.0,11.0,10.0,0.0,—,—,no_history,ran_to_tp3,6.26,6.26,0.19,—,TP3,92,Perfect Trade
SNXXUSDT,short,2026-08-11 17:09,2026-08-11 17:15,2026-08-12 05:26,12.2,9.825,10.35,9.35,8.85,8.35,55,B,—,32.5,good,mixed,13.5,15.0,8.0,11.0,10.0,0.0,—,—,"no_history,risk_penalty_applied",immediate_reversal,-5.55,0.46,-5.55,-0.19,none,26,Scanner Outage
RKLBUSDT,short,2026-08-11 16:57,2026-08-11 17:03,2026-08-11 18:49,1.8,78.1,80.15,75.8,73.5,71.5,68,B+,—,35.4,good,mixed,22.9,8.0,7.0,11.0,10.0,0.0,—,—,"rsi_chop_30_49,no_history",immediate_reversal,-2.66,0.41,-2.66,—,none,19,Immediate Reversal
DRAMUSDT,short,2026-08-11 15:46,2026-08-11 15:52,2026-08-12 05:26,13.6,50.875,51.75,49.8,48.6,—,59,B,—,35.0,neutral,mixed,15.0,15.0,10.0,6.0,10.0,0.0,—,—,"weak_structure,no_history",immediate_reversal,-3.35,0.85,-3.35,-1.60,none,40,Scanner Outage
HYPEUSDT,long,2026-08-11 13:11,2026-08-11 13:17,2026-08-11 15:35,2.3,55.05,54.25,55.75,56.4,57.1,57,B,—,42.1,neutral,mixed,13.2,15.0,10.0,6.0,10.0,0.0,—,—,"weak_structure,no_history",immediate_reversal,-1.64,-0.00,-1.64,—,none,25,Immediate Reversal
SKHYNIXUSDT,short,2026-08-11 09:49,2026-08-11 09:55,2026-08-12 05:26,19.5,1008.5,1037.5,991.7,964,—,55,B,—,37.7,neutral,mixed,19.4,15.0,10.0,6.0,10.0,0.0,—,—,"rsi_chop_30_49,weak_structure,no_history",immediate_reversal,-5.00,0.09,-5.00,-2.06,none,102,Scanner Outage
BTCUSDT,long,2026-08-10 05:47,2026-08-10 05:50,2026-08-11 07:11,25.3,65000,64350,65650,66300,67200,69,B+,—,35.4,—,risk_on,19.7,8.0,7.0,6.0,10.0,7.5,0.60,—,weak_structure,immediate_reversal,-1.61,0.24,-1.61,—,none,6,Scanner Outage
ETHUSDT,long,2026-08-10 05:47,2026-08-10 05:50,2026-08-11 07:11,25.3,1918,1888,1945,1965,1990,69,B+,—,26.0,—,risk_on,19.0,8.0,7.0,6.0,10.0,7.5,0.62,—,weak_structure,immediate_reversal,-2.32,0.27,-2.32,—,none,6,Scanner Outage
SOLUSDT,long,2026-08-10 05:47,2026-08-10 05:50,2026-08-11 15:40,33.8,76.5,74.9,78.2,79.5,—,45,C,—,32.7,—,risk_on,22.3,15.0,10.0,6.0,10.0,1.5,0.63,—,weak_structure,immediate_reversal,-2.21,0.51,-2.21,—,none,96,Immediate Reversal
1000PEPEUSDT,long,2026-08-10 05:47,2026-08-10 05:50,2026-08-13 00:20,66.5,0.0029,0.00282,0.00297,0.00305,0.00315,64,B,—,40.8,—,risk_on,20.7,15.0,7.0,6.0,10.0,0.0,—,—,"weak_structure,no_history",immediate_reversal,-7.47,0.15,-7.47,-4.85,none,14,Immediate Reversal
BICOUSDT,long,2026-08-09 05:40,2026-08-09 05:46,2026-08-10 05:12,23.4,0.07085,0.0615,0.0785,0.085,0.095,71,B+,—,35.4,—,risk_on,25.0,9.0,10.0,11.0,10.0,0.0,—,—,"no_history,high_atr_extension,risk_penalty_applied",immediate_reversal,-44.42,-0.55,-44.42,—,none,4,Scanner Outage
ACEUSDT,long,2026-08-09 05:28,2026-08-09 05:34,2026-08-14 09:57,124.4,0.128,0.1155,0.1425,0.155,0.1645,71,B+,—,40.8,—,risk_on,25.0,15.0,10.0,11.0,10.0,0.0,—,—,"no_history,risk_penalty_applied",ran_to_tp3,39.81,39.81,-0.99,—,TP3,6,Perfect Trade
BEATUSDT,long,2026-08-09 05:08,2026-08-09 05:16,2026-08-10 05:12,23.9,2.875,2.63,3.02,3.18,3.4,62,B,—,35.4,—,risk_on,20.9,15.0,10.0,6.0,10.0,0.0,—,—,"weak_structure,no_history,risk_penalty_applied",reached_tp1_then_stopped,-9.50,8.56,-9.50,—,TP1,10,Scanner Outage
QQQUSDT,long,2026-08-08 10:23,2026-08-08 10:30,2026-08-13 23:06,132.6,721.25,712.5,727,730,—,72,B+,—,44.5,—,risk_on,24.5,8.0,7.0,11.0,10.0,0.0,—,—,no_history,closed_at_tp2,1.67,1.67,0.07,—,TP2,3,Perfect Trade
PAXGUSDT,long,2026-08-08 06:38,2026-08-08 06:45,2026-08-11 11:04,76.3,4329,4280,4350,4382,—,71,B+,—,40.8,—,risk_on,25.0,11.0,10.0,6.0,10.0,0.0,—,—,"weak_structure,no_history,high_atr_extension",closed_at_tp2,1.36,1.36,0.12,—,TP2,3,Perfect Trade
CRCLUSDT,long,2026-08-08 06:38,2026-08-08 06:45,2026-08-11 13:46,79.0,66.4,64.5,68,69.5,—,54,C,—,45.4,—,risk_on,17.5,15.0,8.0,6.0,10.0,0.0,—,—,"weak_structure,no_history",closed_at_tp2,5.24,5.24,0.48,—,TP2,71,Perfect Trade
ACEUSDT,long,2026-08-07 19:47,2026-08-07 19:53,2026-08-08 10:30,14.6,0.1145,0.1035,0.125,0.136,0.144,61,B,—,40.8,—,risk_on,25.0,15.0,10.0,11.0,0.0,0.0,—,—,"no_history,risk_penalty_applied,liquidity_stress,funding_elevated",immediate_reversal,-9.66,-0.69,-9.66,—,none,15,Low Liquidity Failure
ZECUSDT,long,2026-08-07 19:40,2026-08-07 19:47,2026-08-11 07:11,83.4,511.75,498,524,535,—,67,B+,—,42.1,—,risk_on,21.1,8.0,10.0,6.0,10.0,0.0,—,—,"weak_structure,no_history",immediate_reversal,-4.36,0.40,-4.36,—,none,42,Scanner Outage
CYSUSDT,long,2026-08-07 14:34,2026-08-07 14:41,2026-08-07 16:37,1.9,0.8175,0.735,0.88,0.93,—,,—,—,40.8,—,risk_on,25.0,8.0,5.0,11.0,10.0,0.0,—,—,"no_history,risk_penalty_applied",closed_at_tp2,19.67,19.67,0.48,—,TP2,4,Perfect Trade
SNDKUSDT,long,2026-08-05 19:36,2026-08-05 19:42,2026-08-07 11:51,40.1,1387.5,1340,1430,1460,—,,—,—,37.7,—,risk_on,14.3,15.0,10.0,6.0,10.0,0.0,—,—,"weak_structure,no_history",immediate_reversal,-7.00,0.01,-7.00,—,none,0,Immediate Reversal
EWYUSDT,long,2026-08-05 19:36,2026-08-05 19:42,2026-08-07 14:27,42.7,170.25,165.5,175,178.5,—,,—,—,40.8,—,risk_on,14.8,15.0,10.0,6.0,10.0,0.0,—,—,"weak_structure,no_history",immediate_reversal,-3.65,0.15,-3.65,—,none,0,Immediate Reversal
DRAMUSDT,long,2026-08-05 19:25,2026-08-05 19:31,2026-08-07 11:51,40.3,54.45,52.1,56.5,58,—,,—,—,35.0,—,risk_on,12.8,15.0,10.0,11.0,10.0,0.0,—,—,no_history,immediate_reversal,-5.31,0.39,-5.31,—,none,0,Immediate Reversal
NVDAUSDT,long,2026-08-05 11:21,2026-08-05 11:25,2026-08-12 21:02,177.6,214.7,209.9,219.3,223.5,—,,—,—,49.2,—,mixed,22.3,11.0,8.0,6.0,10.0,0.0,—,—,"weak_structure,no_history",closed_at_tp2,4.11,4.11,0.53,—,TP2,67,Perfect Trade
