symbol,direction,created_at,entry_time,exit_time,holding_minutes,entry,exit_price,stop_loss,tp1,tp2,tp3,exit_reason,status,realized_return_pct,max_runup_pct,max_drawdown_pct,confidence,grade,entry_quality,market_regime,trend_score,momentum_score,volume_score,structure_score,history_score,risk_score,ml_probability,historic_probability,fear_greed,funding_score,rsi14,stoch_rsi,adx14,cmf,bb_pct,distance_to_ema20_pct,atr_distance_to_ema20,entry_to_sl_atr,fvg_used,tp1_hit,tp2_hit,tp3_hit,stop_hit,stop_slippage_pct
NVDAUSDT,long,1785928910262,1785929129946,1786568556821,10657.1,214.7,223.53,209.9,219.3,223.5,,target reached,closed_win,4.113,4.113,0.526,,,,mixed,22.32,11.0,8.0,6.0,0.0,0.0,,,27,10.0,,,,,,,,,,True,True,False,False,
DRAMUSDT,long,1785957912178,1785958302215,1786103467530,2419.4,54.45,,52.1,56.5,58.0,,stop hit,closed_loss,-5.308,0.386,-5.308,,,,risk_on,12.77,15.0,10.0,11.0,0.0,0.0,,,27,10.0,,,,,,,,,,False,False,False,True,
EWYUSDT,long,1785958615863,1785958970751,1786112859921,2564.8,170.25,,165.5,175.0,178.5,,stop hit,closed_loss,-3.653,0.147,-3.653,,,,risk_on,14.77,15.0,10.0,6.0,0.0,0.0,,,27,10.0,,,,,,,,,,False,False,False,True,
SNDKUSDT,long,1785958615863,1785958970751,1786103467530,2408.3,1387.5,,1340.0,1430.0,1460.0,,stop hit,closed_loss,-7.003,0.01,-7.003,,,,risk_on,14.28,15.0,10.0,6.0,0.0,0.0,,,27,10.0,,,,,,,,,,False,False,False,True,
CYSUSDT,long,1786113278439,1786113700235,1786120640622,115.7,0.8175,,0.735,0.88,0.93,,target reached,closed_win,19.67,19.67,0.477,,,,risk_on,25.0,8.0,5.0,11.0,0.0,-3.0,,,29,10.0,,,,,,,,,,True,True,False,False,
ZECUSDT,long,1786131601761,1786132034167,1786432272785,5004.0,511.75,,498.0,524.0,535.0,,stop hit,closed_loss,-4.356,0.404,-4.356,67,B+,,risk_on,21.11,8.0,10.0,6.0,0.0,0.0,,,29,10.0,63.027259,0.650042,24.451612,,,2.227,1.131,,,False,False,False,True,
ACEUSDT,long,1786132034167,1786132406949,1786185034481,877.1,0.1145,,0.1035,0.125,0.136,0.144,stop hit,closed_loss,-9.659,-0.69,-9.659,61,B,,risk_on,25.0,15.0,10.0,11.0,0.0,-3.0,,,29,0.0,60.228407,0.269775,56.496905,,,16.365,1.088,,,False,False,False,True,
PAXGUSDT,long,1786171114396,1786171509751,1786446263471,4579.2,4329.0,,4280.0,4350.0,4382.0,,target reached,closed_win,1.356,1.356,0.116,71,B+,,risk_on,25.0,11.0,10.0,6.0,0.0,0.0,,,30,10.0,79.896134,0.782054,50.750127,,,1.795,2.577,,,True,True,False,False,
CRCLUSDT,long,1786171114396,1786171509751,1786455974546,4741.1,66.4,,64.5,68.0,69.5,,target reached,closed_win,5.241,5.241,0.482,54,C,,risk_on,17.49,15.0,8.0,6.0,0.0,0.0,,,30,10.0,64.703375,0.9027,29.943684,,,3.439,1.417,,,True,True,False,False,
QQQUSDT,long,1786184617405,1786185034481,1786662410922,7956.3,721.25,733.27,712.5,727.0,730.0,,target reached,closed_win,1.667,1.667,0.072,72,B+,,risk_on,24.48,8.0,7.0,11.0,0.0,0.0,,,30,10.0,63.076527,0.489623,37.93319,,,0.479,0.901,,,True,True,False,False,
BEATUSDT,long,1786252115621,1786252605006,1786338757120,1435.9,2.875,,2.63,3.02,3.18,3.4,stop hit,closed_loss,-9.496,8.557,-9.496,62,B,,risk_on,20.86,15.0,10.0,6.0,0.0,-3.0,,,31,10.0,58.709134,0.911926,23.424667,,,15.715,1.155,,,True,False,False,True,
ACEUSDT,long,1786253283828,1786253697576,1786701460281,7462.7,0.128,0.17896,0.1155,0.1425,0.155,0.1645,target reached,closed_win,39.812,39.812,-0.992,71,B+,,risk_on,25.0,15.0,10.0,11.0,0.0,-3.0,,,31,10.0,58.525627,0.123345,55.458291,,,10.816,0.779,,,True,True,True,False,
BICOUSDT,long,1786254030089,1786254385238,1786338757120,1406.2,0.07085,,0.0615,0.0785,0.085,0.095,stop hit,closed_loss,-44.418,-0.55,-44.418,71,B+,,risk_on,25.0,9.0,10.0,11.0,0.0,-8.0,,,31,10.0,90.835125,0.768113,63.225205,,,39.804,2.834,,,False,False,False,True,
SOLUSDT,long,1786340851907,1786341034474,1786462852080,2030.3,76.5,,74.9,78.2,79.5,,stop hit,closed_loss,-2.209,0.51,-2.209,45,C,,risk_on,22.33,15.0,10.0,6.0,1.5,0.0,0.629,0.55,30,10.0,63.72984,0.242177,29.306494,,,1.426,1.278,,,False,False,False,True,
1000PEPEUSDT,long,1786340851907,1786341034474,1786580404024,3989.5,0.0029,0.0026833,0.00282,0.00297,0.00305,0.00315,stop hit,closed_loss,-7.472,0.152,-7.472,64,B,,risk_on,20.69,15.0,7.0,6.0,0.0,0.0,,,30,10.0,57.175319,0.563546,22.771809,,,1.084,0.683,,,False,False,False,True,-4.848
BTCUSDT,long,1786340851907,1786341034474,1786432272785,1520.6,65000.0,,64350.0,65650.0,66300.0,67200.0,stop hit,closed_loss,-1.608,0.243,-1.608,69,B+,,risk_on,19.73,8.0,7.0,6.0,7.5,0.0,0.603,0.75,30,10.0,58.003045,0.406893,18.917733,,,0.313,0.549,,,False,False,False,True,
ETHUSDT,long,1786340851907,1786341034474,1786432272785,1520.6,1918.0,,1888.0,1945.0,1965.0,1990.0,stop hit,closed_loss,-2.319,0.274,-2.319,69,B+,,risk_on,18.97,8.0,7.0,6.0,7.5,0.0,0.618,0.75,30,10.0,56.907804,0.512478,15.875275,,,0.358,0.435,,,False,False,False,True,
SKHYNIXUSDT,short,1786441746025,1786442126498,1786512374166,1170.8,1008.5,1058.89,1037.5,991.7,964.0,,stop hit,closed_loss,-4.997,0.085,-4.997,55,B,neutral,mixed,19.42,15.0,10.0,6.0,0.0,0.0,,,29,10.0,43.828616,0.788416,17.669206,,,-0.775,-0.334,,,False,False,False,True,-2.062
HYPEUSDT,long,1786453888957,1786454245028,1786462521269,137.9,55.05,,54.25,55.75,56.4,57.1,stop hit,closed_loss,-1.635,-0.002,-1.635,57,B,neutral,mixed,13.25,15.0,10.0,6.0,0.0,0.0,,,29,10.0,50.848632,0.593028,12.980861,,,0.173,0.108,,,False,False,False,True,
DRAMUSDT,short,1786463194630,1786463550088,1786512374166,813.7,50.875,52.58,51.75,49.8,48.6,,stop hit,closed_loss,-3.351,0.855,-3.351,59,B,neutral,mixed,15.03,15.0,10.0,6.0,0.0,0.0,,,29,10.0,50.192078,0.908859,20.105615,,,0.252,0.132,,,False,False,False,True,-1.604
RKLBUSDT,short,1786467443260,1786467821799,1786474154391,105.5,78.1,,80.15,75.8,73.5,71.5,stop hit,closed_loss,-2.663,0.41,-2.663,68,B+,good,mixed,22.94,8.0,7.0,11.0,0.0,0.0,,,29,10.0,43.495984,0.305796,31.753177,,,-2.73,-0.834,,,False,False,False,True,
SNXXUSDT,short,1786468180468,1786468540128,1786512374166,730.6,9.825,10.37,10.35,9.35,8.85,8.35,stop hit,closed_loss,-5.547,0.458,-5.547,55,B,good,mixed,13.53,15.0,8.0,11.0,0.0,-3.0,,,29,10.0,54.682496,0.861758,14.125786,,,3.0,0.577,,,False,False,False,True,-0.193
SNDKUSDT,long,1786472083504,1786473132383,1786539273347,1102.3,1263.0,1342.1,1233.5,1290.0,1315.0,1340.0,target reached,closed_win,6.263,6.263,0.194,62,B,excellent,mixed,13.57,15.0,10.0,11.0,0.0,0.0,,,29,10.0,56.156224,0.912554,14.273837,,,1.703,0.679,,,True,True,True,False,
SOLUSDT,short,1786475518032,1786475880223,1786526951245,851.2,75.15,76.68,76.55,73.9,72.6,71.0,stop hit,closed_loss,-2.036,0.013,-2.036,65,B+,excellent,mixed,20.15,8.0,2.0,11.0,4.5,0.0,0.555,0.65,29,10.0,45.532192,0.052934,20.601665,,,-0.894,-0.79,,,False,False,False,True,-0.17
HYPEUSDT,short,1786475880223,1786476242842,1786533610494,956.1,54.3,55.689,55.65,52.6,51.4,49.4,stop hit,closed_loss,-2.558,0.343,-2.558,64,B,excellent,mixed,18.63,8.0,7.0,11.0,0.0,0.0,,,29,10.0,43.660969,0.179627,14.535961,,,-1.448,-0.849,,,False,False,False,True,-0.07
SKHYUSDT,long,1786512374166,1786513475076,1786542732298,487.6,143.9,152.0,139.5,148.5,152.0,,target reached,closed_win,5.629,5.629,0.514,63,B,excellent,mixed,14.74,15.0,10.0,11.0,0.0,0.0,,,27,10.0,61.529919,0.841115,18.956327,0.09785,0.99756,3.042,1.409,,,True,True,False,False,
BZUSDT,long,1786519912758,1786520278591,1786610293118,1500.2,87.6,85.83,85.9,89.5,91.0,92.9,stop hit,closed_loss,-2.021,0.605,-2.021,65,B+,neutral,mixed,24.26,15.0,10.0,6.0,0.0,0.0,,,27,5.0,63.461075,0.365156,37.048024,0.341204,0.759136,2.134,1.47,,,False,False,False,True,-0.081
NEARUSDT,long,1786521391762,1786521767190,1787298004232,12937.3,1.6425,1.862,1.595,1.69,1.72,1.76,target reached,closed_win,13.364,13.364,-1.796,61,B,excellent,mixed,15.34,15.0,7.0,11.0,0.0,0.0,,,27,10.0,55.447201,0.891097,21.341737,-0.03122,0.816048,1.962,0.897,,,True,True,True,False,
VELVETUSDT,long,1786521767190,1786522132497,1786559313482,619.7,0.5505,0.7007,0.505,0.595,0.628,0.679,target reached,closed_win,27.284,27.284,-0.454,63,B,good,mixed,24.69,15.0,5.0,11.0,0.0,-3.0,,,27,10.0,55.414538,0.411962,38.759608,0.041845,0.62917,4.41,0.376,,,True,True,True,False,
DOGEUSDT,long,1786523847331,1786524212811,1786570311878,768.3,0.07139999999999999,0.0696,0.06975,0.0735,0.07485,0.0762,stop hit,closed_loss,-2.521,1.064,-2.521,56,B,good,mixed,15.6,15.0,10.0,11.0,0.0,0.0,,,27,10.0,61.221028,0.627638,22.401283,0.00868,0.843814,1.194,1.057,,,False,False,False,True,-0.215
HOLOUSDT,long,1786529733327,1786530098573,1786559313482,486.9,0.07725,0.07171,0.074,0.0825,0.0865,0.09,stop hit,closed_loss,-7.172,0.634,-7.172,64,B,good,mixed,23.47,15.0,7.0,11.0,0.0,-3.0,,,27,10.0,55.052091,0.283849,33.893955,-0.153727,0.700859,4.672,0.598,,,False,False,False,True,-3.095
CLUSDT,long,1786535358384,1786535717794,1786610293118,1242.9,82.55000000000001,80.92,81.0,84.0,85.0,86.5,stop hit,closed_loss,-1.975,0.279,-1.975,62,B,neutral,mixed,23.75,15.0,5.0,6.0,0.0,0.0,,,27,10.0,63.313121,0.442457,34.989049,0.330863,0.734148,1.989,1.301,,,False,False,False,True,-0.099
LITEUSDT,long,1786540656017,1786541371806,1786542052931,11.4,892.5,846.79,855.0,930.0,955.0,,stop hit,closed_loss,-5.122,0.838,-5.122,73,B+,excellent,mixed,24.13,15.0,10.0,11.0,0.0,0.0,,,27,10.0,60.541516,0.704184,36.520444,0.21386,0.677313,3.913,1.27,,,False,False,False,True,-0.96
CRCLUSDT,long,1786546210628,1786546555503,1786647869943,1688.6,69.80000000000001,73.78,68.4,71.5,72.4,,target reached,closed_win,5.702,5.702,-0.43,54,C,neutral,mixed,23.33,15.0,5.0,6.0,0.0,0.0,,,27,10.0,56.737755,0.344795,33.330008,0.020125,0.640442,1.061,0.503,,,True,True,False,False,
XAGUSDT,long,1786562231508,1786562610962,1786648555903,1432.4,65.35,64.34,64.35,66.59,67.04,68.5,stop hit,closed_loss,-1.546,1.423,-1.546,68,B+,good,mixed,25.0,8.0,5.0,11.0,0.0,0.0,,,27,10.0,59.353931,0.152541,41.984826,0.004969,0.681157,0.882,0.684,1.192,,False,False,False,True,-0.016
BTWUSDT,long,1786596926030,1786598009510,1786634310837,605.0,0.23761,0.26966,0.214,0.25517,0.26918,,target reached,closed_win,13.488,13.488,-3.51,61,B,good,mixed,19.85,15.0,10.0,11.0,0.0,-3.0,,,29,5.0,57.187609,0.423597,19.40233,0.203335,0.780883,9.077,0.653,0.786,,True,True,False,False,
XAUUSDT,long,1786598009510,1786599243369,1786603078000,63.9,4400.5,4374.88,4380.0,4436.0,4456.65,4490.0,stop hit,closed_loss,-0.582,0.048,-0.582,68,B+,neutral,mixed,25.0,8.0,10.0,6.0,0.0,0.0,,,29,10.0,58.840817,0.133687,43.057578,0.099802,0.627909,0.325,0.473,0.679,,False,False,False,True,-0.117
PAXGUSDT,long,1786598009510,1786599243369,1786603078000,63.9,4390.5,4364.53,4368.0,4425.0,4440.7,4479.0,stop hit,closed_loss,-0.592,0.056,-0.592,68,B+,neutral,mixed,25.0,8.0,10.0,6.0,0.0,0.0,,,29,10.0,58.975302,0.103446,44.121972,0.160422,0.627614,0.326,0.495,0.78,,False,False,False,True,-0.079
CYSUSDT,long,1786608066106,1786608473366,1786612899401,73.8,1.4649999999999999,1.3759,1.38,1.5923,1.6995,1.7787,stop hit,closed_loss,-6.082,0.737,-6.082,63,B,good,mixed,25.0,15.0,5.0,11.0,0.0,-3.0,,,29,10.0,58.696762,0.393285,42.114152,0.043737,0.661452,8.934,0.646,0.453,"{'direction': 'down', 'top': 1.5923, 'bottom': 1.4802}",False,False,False,True,-0.297
SKHYUSDT,long,1786612899401,1786613262991,1786632505872,320.7,150.8,163.91,144.3,154.06,157.06,163.87,target reached,closed_win,8.694,8.694,0.378,64,B,good,mixed,18.05,15.0,8.0,11.0,0.0,0.0,,,29,10.0,63.637463,0.541403,32.218266,0.252224,0.754113,3.183,1.406,1.957,"{'direction': 'down', 'top': 154.06, 'bottom': 153.51}",True,True,True,False,
DRAMUSDT,long,1786620420233,1786620803517,1786631090808,171.5,54.35,55.89,53.6,55.05,55.86,,target reached,closed_win,2.833,2.833,-0.331,64,B,good,mixed,17.49,15.0,8.0,11.0,0.0,0.0,,,29,10.0,64.864686,0.558037,29.963486,0.241173,0.774629,2.796,1.469,0.743,"{'direction': 'down', 'top': 55.05, 'bottom': 54.66}",True,True,False,False,
NVDAUSDT,long,1786620420233,1786635408192,1787919869132,21407.7,223.85000000000002,227.39,221.2,225.24,226.48,,target reached,closed_win,1.581,1.581,0.152,62,B,neutral,mixed,23.58,15.0,5.0,6.0,0.0,0.0,,,29,10.0,60.75879,0.894554,34.30827,-0.168087,0.775318,0.931,1.117,1.432,,True,True,False,False,
EWYUSDT,long,1786622627451,1786623019267,1786631800258,146.3,174.6,179.2,172.5,177.9,178.7,,target reached,closed_win,2.635,2.635,-0.183,64,B,neutral,mixed,22.38,15.0,8.0,6.0,0.0,0.0,,,29,10.0,64.376701,0.44835,29.539515,0.264151,0.737527,1.783,1.33,0.913,,True,True,False,False,
SOXSUSDT,short,1786625537087,1786625914580,1786626276773,6.0,41.15,40.86,41.95,39.88,41.82,,target reached,closed_win,0.705,0.705,0.243,69,B+,good,mixed,21.08,8.0,10.0,11.0,0.0,0.0,,,29,10.0,42.931697,0.352948,24.336693,0.145307,0.277388,-1.938,-0.641,0.632,"{'direction': 'up', 'bottom': 40.87, 'top': 41.08}",False,True,False,False,
SAMSUNGUSDT,long,1786626638740,1786627015859,1786634694957,128.0,185.75,195.86,183.3,191.23,195.7,,target reached,closed_win,5.443,5.443,0.199,66,B+,neutral,mixed,24.41,11.0,8.0,6.0,0.0,0.0,,,29,10.0,67.551512,0.444569,37.644655,0.309798,0.759468,4.069,1.922,0.647,,True,True,False,False,
MUUSDT,long,1786627760866,1786628123598,1786628872016,12.5,911.25,934.3,901.5,916.1,929.0,,target reached,closed_win,2.529,2.529,0.258,64,B,neutral,mixed,20.19,15.0,10.0,6.0,0.0,0.0,,,29,10.0,60.47934,0.698963,20.764413,0.10105,0.775364,1.88,0.959,0.555,,True,True,False,False,
ETHUSDT,long,1786635751990,1786636115632,1786639229741,51.9,1888.0,1868.99,1873.0,1899.6,1911.5,1943.0,stop hit,closed_loss,-1.007,-0.001,-1.007,65,B+,neutral,mixed,14.11,15.0,7.0,6.0,12.0,0.0,0.647,0.9,29,10.0,49.164704,0.612799,16.423336,-0.056897,0.572829,-0.035,-0.034,0.785,,False,False,False,True,-0.214
BTWUSDT,long,1786636115632,1786636481504,1786818943884,3041.0,0.2615,0.31647,0.235,0.2692,0.285,0.31,target reached,closed_win,21.021,21.021,0.096,60,B,excellent,mixed,19.31,15.0,10.0,11.0,0.0,-3.0,,,29,5.0,62.694141,0.720594,17.232218,0.255432,0.918293,16.745,1.306,0.915,"{'direction': 'up', 'bottom': 0.25597, 'top': 0.25928}",True,True,True,False,
LINKUSDT,long,1786641616990,1786695840069,1786799602088,1729.4,8.705,9.459,8.58,8.865,8.982,9.038,target reached,closed_win,8.662,8.662,0.31,67,B+,neutral,mixed,23.49,8.0,10.0,6.0,0.0,0.0,,,29,10.0,60.381131,0.174635,33.951136,0.188518,0.663231,1.288,0.874,0.983,,True,True,True,False,
SPCXUSDT,long,1786649253575,1786649634115,1786802419750,2546.4,143.55,139.58,139.6,148.6,152.0,,stop hit,closed_loss,-2.766,0.815,-2.766,66,B+,good,mixed,22.62,15.0,5.0,11.0,0.0,0.0,,,29,10.0,61.330331,0.469074,30.488878,0.022434,0.728784,2.75,1.055,1.081,"{'direction': 'down', 'top': 146.27, 'bottom': 144.04}",False,False,False,True,-0.014
APRUSDT,long,1786667588129,1786668270902,1786710593534,705.4,0.457,0.544,0.401,0.4877,0.5278,0.5393,target reached,closed_win,19.037,19.037,-4.333,64,B,neutral,mixed,25.0,15.0,10.0,6.0,0.0,-3.0,,,29,10.0,61.564774,0.121837,63.522977,0.36218,0.6731,15.97,1.143,1.018,,True,True,True,False,
BNBUSDT,long,1786668270902,1786668634594,1786706077051,624.0,610.5,604.36,604.7,615.2,620.9,,stop hit,closed_loss,-1.006,0.367,-1.006,69,B+,excellent,mixed,21.16,8.0,5.0,11.0,6.0,0.0,0.552,0.7,29,10.0,55.310065,0.231313,24.636299,0.048538,0.558763,0.264,0.347,1.251,"{'direction': 'up', 'bottom': 610.53, 'top': 610.86}",False,False,False,True,-0.056
SAMSUNGUSDT,long,1786668270902,1786673567756,1787298004232,10407.3,191.5,203.79,182.5,195.25,199.6,,target reached,closed_win,6.418,6.418,-0.95,66,B+,neutral,mixed,25.0,11.0,8.0,6.0,0.0,0.0,,,29,10.0,67.639129,0.326748,44.670015,0.295468,0.781564,4.739,1.976,2.052,,True,True,False,False,
DOGEUSDT,short,1786811207007,1786813631720,1787298004232,8072.9,0.07015,0.0844,0.0711,0.0688,0.0677,,stop hit,closed_loss,-20.314,0.955,-20.314,53,C,neutral,mixed,20.56,15.0,7.0,6.0,0.0,0.0,,,34,10.0,48.48468,0.711471,22.223381,-0.140643,0.488173,-0.107,-0.121,1.53,,False,False,False,True,-18.706
SKHYNIXUSDT,long,1786813631720,1786885285897,1787298004232,6878.6,1171.175,1253.92,1157.05,1209.0,1221.99,,target reached,closed_win,7.065,7.065,0.165,65,B+,excellent,mixed,20.0,8.0,7.0,11.0,0.0,0.0,,,34,10.0,62.515936,0.081505,48.525721,-0.006133,0.639783,2.158,1.101,0.628,"{'direction': 'up', 'bottom': 1172.55, 'top': 1172.81}",True,True,False,False,
PUMPUSDT,long,1786815746883,1786825201338,1787298004232,7880.0,0.002807,0.003912,0.002681,0.002946,0.002987,,target reached,closed_win,39.366,39.366,-3.456,71,B+,excellent,mixed,22.27,8.0,10.0,11.0,0.0,0.0,,,34,10.0,54.40656,0.327338,29.080549,0.098734,0.529837,0.93,0.26,1.259,"{'direction': 'up', 'bottom': 0.002791, 'top': 0.002802}",True,True,False,False,
WLDUSDT,long,1786829356230,1786829742065,1787298004232,7804.4,0.34795,0.3768,0.339,0.3547,0.3629,0.372,target reached,closed_win,8.291,8.291,-1.48,67,B+,excellent,mixed,21.87,15.0,7.0,11.0,0.0,0.0,,,34,10.0,59.399623,0.777201,27.481411,-0.058403,0.856267,2.224,0.849,1.0,"{'direction': 'up', 'bottom': 0.3487, 'top': 0.3491}",True,True,True,False,
SPORTFUNUSDT,long,1786850941422,1786851634852,1786862531103,181.6,0.0258,0.02422,0.02422,0.02975,0.03598,,stop hit,closed_loss,-6.124,0.775,-6.124,59,B,neutral,mixed,23.86,15.0,7.0,6.0,0.0,-3.0,,,34,10.0,61.301209,0.502343,35.423168,-0.07727,0.898388,13.826,1.507,0.755,,False,False,False,True,0.0
ETHUSDT,short,1786866253557,1786866959988,1787298004232,7184.1,1880.25,2381.77,1890.6,1876.0,1852.22,,stop hit,closed_loss,-26.673,0.107,-26.673,56,B,neutral,mixed,15.02,15.0,10.0,6.0,4.5,0.0,0.636,0.65,34,10.0,46.932768,0.616673,20.066771,0.045097,0.413395,-0.126,-0.197,0.856,,False,False,False,True,-25.98
HYPEUSDT,long,1786867666232,1786873553655,1787298004232,7074.2,57.144999999999996,73.76,56.55,57.85,58.45,59.1,target reached,closed_win,29.075,29.075,0.121,65,B+,excellent,mixed,19.39,15.0,7.0,11.0,0.0,0.0,,,34,10.0,59.030271,0.93115,17.579493,-0.03319,0.742264,1.312,0.994,0.796,"{'direction': 'up', 'bottom': 57.302, 'top': 57.33}",True,True,True,False,
ALLOUSDT,short,1786869734484,1786876295062,1786878361139,34.4,0.268,0.27539,0.274,0.2616,0.2535,0.244,stop hit,closed_loss,-2.757,0.549,-2.757,63,B,neutral,mixed,22.71,11.0,7.0,6.0,0.0,0.0,,,34,10.0,39.628213,0.873032,30.820056,-0.242897,0.367059,-2.338,-0.623,0.592,,False,False,False,True,-0.507
ZECUSDT,short,1786872479637,1786872843417,1787298004232,7086.0,488.5,629.21,494.5,483.45,480.27,466.28,stop hit,closed_loss,-28.805,0.759,-28.805,59,B,neutral,mixed,18.55,15.0,7.0,6.0,0.0,0.0,,,34,10.0,47.952977,0.481237,14.191277,-0.116945,0.449958,-0.14,-0.098,0.858,,False,False,False,True,-27.242
CLUSDT,long,1786873553655,1786873915804,1787298004232,7068.1,81.225,86.38,80.8,81.56,82.0,84.04,target reached,closed_win,6.347,6.347,0.043,62,B,neutral,mixed,18.64,8.0,10.0,6.0,0.0,0.0,,,34,10.0,51.235224,0.409321,14.576288,0.234429,0.566612,0.054,0.049,0.476,,True,True,True,False,
LINKUSDT,long,1786881827421,1786882194606,1787298004232,6930.2,9.34,11.647,9.18,9.507,9.63,,target reached,closed_win,24.7,24.7,-0.118,64,B,neutral,mixed,25.0,15.0,5.0,6.0,0.0,0.0,,,34,10.0,62.603877,0.090158,47.945193,0.140585,0.699776,2.2,1.307,1.035,,True,True,False,False,
SAMSUNGUSDT,long,1787300001132,1787300707492,1787919869132,10319.4,196.75,187.77,191.0,203.4,206.0,211.5,stop hit,closed_loss,-4.564,0.493,-4.564,68,B+,neutral,risk_on,22.04,15.0,10.0,6.0,0.0,0.0,,,72,10.0,56.961916,0.584722,28.156987,0.082475,0.795232,2.525,0.834,0.987,,False,False,False,True,-1.691
DRAMUSDT,long,1787302779040,1787303130957,1787919869132,10279.0,58.425,55.92,57.35,59.37,60.81,62.09,stop hit,closed_loss,-4.288,0.625,-4.288,63,B,neutral,risk_on,19.71,15.0,7.0,6.0,0.0,0.0,,,72,10.0,56.600963,0.815207,18.833872,-0.01464,0.850984,2.099,0.812,0.725,,False,False,False,True,-2.493
MUUSDT,long,1787307796340,1787308485049,1787919869132,10189.7,977.35,921.1,963.73,987.97,1021.79,1036.0,stop hit,closed_loss,-5.755,0.396,-5.755,66,B+,neutral,risk_on,19.79,15.0,10.0,6.0,0.0,0.0,,,72,10.0,56.7134,0.934947,19.173193,0.106425,0.86172,1.802,0.784,0.614,,False,False,False,True,-4.423
MSTRUSDT,long,1787924080529,1787924451890,1787926202480,29.2,134.74,132.35,132.4,136.55,137.17,141.1,stop hit,closed_loss,-1.774,0.282,-1.774,71,B+,good,risk_on,24.81,15.0,5.0,11.0,0.0,0.0,,,73,10.0,62.996909,0.496584,39.253638,0.143432,0.723199,3.242,1.098,0.607,"{'direction': 'down', 'top': 137.17, 'bottom': 136.17}",False,False,False,True,-0.038
SOLUSDT,long,1787925847133,1787926202480,1788375542211,7489.0,104.4,99.42,100.9,106.8,110.0,113.0,stop hit,closed_loss,-4.77,2.73,-4.77,73,B+,good,risk_on,24.92,15.0,5.0,11.0,-3.0,0.0,0.516,0.4,73,10.0,60.164385,0.286739,39.69971,0.119747,0.657711,1.906,0.705,1.263,"{'direction': 'down', 'top': 106.21, 'bottom': 106.0}",True,False,False,True,-1.467
XAGUSDT,long,1787928693111,1787930158395,1787934172728,66.9,69.4,66.76,67.4,71.01,71.23,,stop hit,closed_loss,-3.804,0.058,-3.804,61,B,neutral,risk_on,20.15,15.0,5.0,6.0,0.0,0.0,,,73,10.0,52.282539,0.417556,20.580577,0.118777,0.627775,0.252,0.152,1.746,,False,False,False,True,-0.95
ETHUSDT,long,1787929439005,1787929803839,1787932723656,48.7,2502.0,2475.25,2478.0,2535.0,2570.0,2620.0,stop hit,closed_loss,-1.069,0.2,-1.069,76,A,neutral,risk_on,24.38,8.0,10.0,6.0,9.0,0.0,0.493,0.8,73,10.0,59.577464,0.41313,37.50089,0.090158,0.75878,0.889,0.492,0.535,,False,False,False,True,-0.111
MSTRUSDT,long,1787930512629,1787930911010,1787932314897,23.4,133.7,129.1,129.5,137.17,141.1,143.19,stop hit,closed_loss,-3.441,-0.748,-3.441,65,B+,good,risk_on,19.61,15.0,5.0,11.0,0.0,0.0,,,73,10.0,57.811052,0.271121,38.451477,0.092965,0.634255,1.643,0.525,1.031,"{'direction': 'down', 'top': 137.17, 'bottom': 136.17}",False,False,False,True,-0.309
SPCXUSDT,long,1787932314897,1787932723656,1788443260731,8509.0,140.1,146.76,138.4,141.96,143.5,146.1,target reached,closed_win,4.754,4.754,-1.121,65,B+,neutral,risk_on,18.75,15.0,10.0,6.0,0.0,0.0,,,73,10.0,58.86298,0.5723,15.019847,0.182207,0.691761,0.827,0.649,0.957,,True,True,True,False,
MSTRUSDT,long,1787932314897,1787932723656,1788375542211,7380.3,129.0,122.62,126.5,136.17,140.85,143.19,stop hit,closed_loss,-4.946,-0.318,-4.946,65,B+,good,risk_on,19.47,15.0,5.0,11.0,0.0,-4.0,,,73,10.0,51.893375,0.013841,37.890574,0.011869,0.506804,-0.581,-0.18,0.595,"{'direction': 'down', 'top': 137.17, 'bottom': 136.17}",False,False,False,True,-3.067
MOVRUSDT,long,1787932723656,1787933108874,1787934542801,23.9,0.9085000000000001,0.8819,0.8935,0.975,1.023,1.138,stop hit,closed_loss,-2.928,-0.11,-2.928,61,B,neutral,risk_on,20.0,15.0,10.0,6.0,0.0,-3.0,,,73,10.0,55.729387,0.389782,42.767494,0.083419,0.643988,4.606,0.394,0.148,,False,False,False,True,-1.298
BNBUSDT,long,1787940181735,1787940422438,1787942452903,33.8,694.55,686.61,686.9,707.78,719.14,,stop hit,closed_loss,-1.143,-0.17,-1.143,71,B+,good,mixed,20.0,8.0,5.0,11.0,10.5,-4.0,0.537,0.85,73,10.0,43.623411,0.0,40.772185,0.011279,0.086701,-1.306,-0.93,0.776,"{'direction': 'down', 'top': 703.2, 'bottom': 696.79}",False,False,False,True,-0.042
MOVRUSDT,long,1787946137355,1787947895831,1787949707801,30.2,0.9115,0.7656,0.845,0.975,1.038,1.138,stop hit,closed_loss,-16.007,0.23,-16.007,59,B,neutral,mixed,20.0,15.0,10.0,6.0,0.0,-3.0,,,73,10.0,56.23191,0.401821,43.454781,0.09398,0.636749,4.707,0.398,0.643,,False,False,False,True,-9.396
TRUMPUSDT,long,1787961977484,1787963689252,1788375542211,6864.2,2.75,2.174,2.505,2.892,3.1,,stop hit,closed_loss,-20.945,10.982,-20.945,47,C,neutral,mixed,24.83,15.0,2.0,6.0,0.0,-3.0,,,73,10.0,63.557499,0.723336,39.302048,-0.057682,0.841101,8.982,1.218,1.305,,True,False,False,True,-13.214
ZECUSDT,long,1787968217542,1787968645840,1788675739782,11784.9,802.0,1166.44,775.0,817.22,889.99,,target reached,closed_win,45.441,45.441,-1.451,65,B+,neutral,mixed,20.92,8.0,10.0,6.0,0.0,0.0,,,68,10.0,53.633788,0.522833,23.66344,0.056616,0.711972,0.82,0.218,0.901,,True,True,False,False,
SNXXUSDT,short,1787972417819,1787972845283,1788375542211,6711.6,12.899999999999999,13.94,13.45,12.2,12.02,11.65,stop hit,closed_loss,-8.062,0.62,-8.062,64,B,neutral,mixed,20.25,15.0,10.0,6.0,0.0,0.0,,,68,10.0,45.406869,0.425445,20.984615,0.11281,0.442566,-1.273,-0.272,0.9,,False,False,False,True,-3.643
SNDKUSDT,short,1787972417819,1787972845283,1788375542211,6711.6,1485.0,1548.9,1517.0,1477.0,1436.0,1419.66,stop hit,closed_loss,-4.303,0.103,-4.303,59,B,neutral,mixed,14.97,15.0,10.0,6.0,0.0,0.0,,,68,10.0,45.88485,0.425992,19.867713,0.098867,0.446468,-0.562,-0.244,0.927,,False,False,False,True,-2.103
CLUSDT,long,1787972417819,1787972845283,1788375542211,6711.6,83.15,90.82,82.2,83.63,84.41,,target reached,closed_win,9.224,9.224,-0.204,58,B,neutral,mixed,14.43,15.0,10.0,6.0,0.0,0.0,,,68,10.0,50.985311,0.848951,17.703609,0.136118,0.720367,0.303,0.261,0.988,,True,True,False,False,
SKHYUSDT,long,1787974270214,1787974695850,1788412894455,7303.3,161.60000000000002,159.06,160.3,163.5,166.71,,stop hit,closed_loss,-1.572,2.277,-1.572,62,B,neutral,mixed,18.49,15.0,10.0,6.0,0.0,0.0,,,68,10.0,51.90251,0.516429,13.940087,0.056865,0.581119,0.502,0.275,0.442,,True,False,False,True,-0.774
HEMIUSDT,long,1787974270214,1787986031208,1787987025917,16.6,0.01165,0.010646,0.0109,0.01312,0.013949,0.016,stop hit,closed_loss,-8.618,0.575,-8.618,64,B,neutral,mixed,25.0,11.0,10.0,6.0,0.0,-3.0,,,68,10.0,65.074054,0.620081,42.889117,0.102646,0.810886,16.437,1.343,0.612,,False,False,False,True,-2.33
ENAUSDT,long,1787974270214,1787974695850,1787991365080,277.8,0.163,0.15631,0.157,0.16471,0.17444,0.18375,stop hit,closed_loss,-4.104,1.472,-4.104,59,B,neutral,mixed,25.0,15.0,5.0,6.0,0.0,-3.0,,,68,10.0,56.786323,0.408642,45.602602,0.025111,0.689594,3.003,0.444,0.561,,True,False,False,True,-0.439
SOXSUSDT,long,1787974270214,1787974695850,1788380424467,6762.1,49.3,53.0,47.8,49.81,50.23,52.85,target reached,closed_win,7.505,7.505,0.122,60,B,neutral,mixed,16.05,15.0,10.0,6.0,0.0,0.0,,,68,10.0,59.118454,0.914979,24.197695,0.059991,0.792843,3.418,1.054,0.968,,True,True,True,False,
